username,created_at,lng,lat,text, ,,
goodell2017, Thu Apr 23 17:29:34 +0000 2020,-119.17594,46.199292, @cheathbar1 @ChrisMurphyCT Ditto well said, Trump should have been helping the United States, not the divided States. Bonnie ğŸ¤— ,
mcf222, Thu Apr 23 17:29:34 +0000 2020,-122.630908,45.536402, EMERGENCY MONEY FOR PEOPLE ACTEMERGENCY MONEY FOR PEOPLE ACTEMERGENCY MONEY FOR PEOPLE ACTEMERGENCY MONEY FOR PEâ€¦ https://t.co/dBrcfvByDn ,,,
TheDarkLord6969, Thu Apr 23 17:29:36 +0000 2020,-120.583402,44.145437, @EasyTradingg Yes please! ,,,
joebags24, Thu Apr 23 17:29:38 +0000 2020,-121.743606,47.476616, @snovalleysports Both my kids yes indeed. ,,,
Michael72172097, Thu Apr 23 17:29:39 +0000 2020,-120.583402,44.145437, Nope. Voter Id or nothing you moron. ,,,
rois_bruce, Thu Apr 23 17:29:39 +0000 2020,-122.149768,47.597856, when I was little my parents promised to pay us allowance but then gave up keeping track so they took us to Disneylâ€¦ https://t.co/CsDl8FRSQE ,,,
saysthegirl, Thu Apr 23 17:29:40 +0000 2020,-122.284264,47.176459, @SilencedHippie why canâ€™t you get a switch rn? ,,,
marykblackburn, Thu Apr 23 17:29:40 +0000 2020,-120.882482,47.273022, @SanMateogirl11 @ewarren Youâ€™re a scumbag ,,,
TonyPar36282257, Thu Apr 23 17:29:42 +0000 2020,-122.630908,45.536402, @tylerrjoseph State Farms insurance company requested sex for money donated a nonprofit status is required for housâ€¦ https://t.co/chyPPoMh3R ,,,
GrinchsUnicorn, Thu Apr 23 17:29:43 +0000 2020,-122.31543,47.27296, I'm at Washington State Weight Station in Federal Way, WA https://t.co/tkrTaf5Y0Q ,,
macwizer, Thu Apr 23 17:29:52 +0000 2020,-114.143262,45.494552, Screw #MAGA ..... #MAFA make America free again ,,,
GroovyTimes777, Thu Apr 23 17:29:55 +0000 2020,-122.630908,45.536402, @SenWarren our hearts are full. ,,,
pdxpolicelog, Thu Apr 23 17:30:02 +0000 2020,-122.684475,45.513925, UNWANTED PERSON at 1500 SW PARK AVE, PORT [Portland Police #PP20000132033] 10:24 #pdx911 ,,
pdxpolicelog, Thu Apr 23 17:30:02 +0000 2020,-122.615349,45.51315, VEHICLE STOLEN - COLD at 1300 SE 46TH AVE, PORT [Portland Police #PP20000131961] 08:51 #pdx911 ,,
allyct1200, Thu Apr 23 17:30:02 +0000 2020,-120.583402,44.145437, @laurenxomua So gorgeous ğŸ˜ğŸ’–ğŸ’–ğŸ’– ,,,
BPLyons11, Thu Apr 23 17:30:08 +0000 2020,-122.573359,48.867295, Two 1st round picks tonight and I completely trust Mayock after last year #RaiderNation ,,,
curly_scientist, Thu Apr 23 17:30:12 +0000 2020,-122.330602,47.614817, Dang I put on earrings today for the first time in 6 weeks and it hurt ğŸ˜¢ check on yâ€™all earlobes ,,,
ljeanderson2, Thu Apr 23 17:30:12 +0000 2020,-122.194398,47.481598, Trump Pence Barr and whole cabinet and Mitch should resign now ,,,
erinreyehair, Thu Apr 23 17:30:13 +0000 2020,-122.630908,45.536402, @brighteyesband has new music and I am not emotionally prepared to listen to it yet lol ,,,
cdub77, Thu Apr 23 17:30:14 +0000 2020,-122.678249,45.518237, You know what time it is, #workout time! Today is the penultimate day of #10rounds with @jumpkck. Itâ€™s a great progâ€¦ https://t.co/M5DN543l4H ,,
C4R5ON, Thu Apr 23 17:30:15 +0000 2020,-117.000734,46.734707, It just seems like so many people think Tomorrow is guaranteed ,,,
drjootz, Thu Apr 23 17:30:16 +0000 2020,-122.630908,45.536402, â€œCOVID-19 hyperinflammatory syndrome appears to be a different entity than virus-induced HLH. Modulation of T cellâ€¦ https://t.co/i9dqKwvI1h ,,,
josiahjtubbs, Thu Apr 23 17:30:18 +0000 2020,-120.882482,47.273022, I'm not shy, make you sighSlip and slide up my thighsJuicy just like clementinesSorry if I make you cryParty tiâ€¦ https://t.co/2JrM4ECNBs ,,
markfromhalsey, Thu Apr 23 17:30:18 +0000 2020,-120.583402,44.145437, @maxwellsmm46 Happy Birthday ğŸ‚ğŸˆğŸˆ https://t.co/F5MjiDTDVi ,,,
allyct1200, Thu Apr 23 17:30:20 +0000 2020,-120.583402,44.145437, @savannahhmae13 Omfg I love these!!! ğŸ’–ğŸ’–ğŸ’– ,,,
Jakechaley, Thu Apr 23 17:30:20 +0000 2020,-122.630908,45.536402, Does anyone have shudder? If so is it good? ,,,
maiab, Thu Apr 23 17:30:24 +0000 2020,-120.882482,47.273022, @Magreader I kind of resent it yes. itâ€™s frustrating ,,,
whatupRuck, Thu Apr 23 17:30:26 +0000 2020,-122.280014,47.469552, finally here. enjoyed best with headphones. https://t.co/39c6vyAcCl ,,,
Deeanthony_GOES, Thu Apr 23 17:30:28 +0000 2020,-122.330602,47.614817, Alot of u niggas don't even know how corny u look and really are... ,,,
Parker123Lydia, Thu Apr 23 17:30:30 +0000 2020,-120.583402,44.145437, @flyfishermanbc @POTUS Oh Bob. You make me sad. The article was written by a conservative. Heâ€™s not lying about conservatives. He is one. ,,,
PDX_AlAnon, Thu Apr 23 17:31:32 +0000 2020,-122.678249,45.518237, Adult Sons &amp; Daughters Al-Anon Online Meeting. Wednesdays from 9:30-11 AM it is a Zoom meetingâ€¦ https://t.co/UXzUtVxxDy ,,,
Change_garcia, Thu Apr 23 17:31:39 +0000 2020,-120.382,46.5539, Attitude determines altitude! Step back, take a deep breath, and determine if your attitude needs some adjustments.â€¦ https://t.co/PHMCKjwQ1G ,
MarieBGee, Thu Apr 23 17:31:41 +0000 2020,-122.630908,45.536402, @AngelaBelcamino Happy birthday! It's my birthday, too! Enjoy your day. I'm thinking mimosas and weed all day. ğŸ¥‚ğŸ”¥ ,,
Alex_Corson, Thu Apr 23 17:31:41 +0000 2020,-122.805579,45.484892, @ZachVenture @guccitrlcks @YouTube couple thoughts:-Any â€œmilkâ€ except for whole milk is an imposter and should diâ€¦ https://t.co/5vNj9hnJjI ,,,
kidzombie666, Thu Apr 23 17:31:49 +0000 2020,-122.630908,45.536402, â€œuwuâ€ -@CyberBully92 ,,,
GregVanBelle, Thu Apr 23 17:31:56 +0000 2020,-120.882482,47.273022, @TNLoudmouth @JoyceWhiteVance They do a good job making sure we canâ€™t forget about them. ,,,
BugHunt, Thu Apr 23 17:31:57 +0000 2020,-122.163996,47.530428, @mpsmith13 @fefewatson @pantomath__ @Acosta But he didn't stop flights from China. 40,000+ US citizens and green caâ€¦ https://t.co/scsnDD3cD8 ,,
cydruc, Thu Apr 23 17:31:57 +0000 2020,-120.882482,47.273022, @DavidAgStone @USAvotesTrump @JoeBiden @sunrisemvmt Creepy. ,,,
renesarmiento19, Thu Apr 23 17:31:59 +0000 2020,-122.405221,48.746091, #TatatiuLegends saludos y un abrazo ğŸ¤—! ,,,
chelsienoel_, Thu Apr 23 17:32:01 +0000 2020,-122.330602,47.614817, @kallenhawkinson @kevinpalau @EveryChildOR @Qideas Yes! Great example of true service. ,,,
trexgirl, Thu Apr 23 17:32:02 +0000 2020,-122.330602,47.614817, @cmclymer Feels like a lifetime ago ,,,
juliahosack, Thu Apr 23 17:32:01 +0000 2020,-122.588975,45.630589, @Tyranicus All of the above. ,,,
mynxnuzzles, Thu Apr 23 17:32:04 +0000 2020,-114.143262,45.494552, @GaryBarlow Oh, shit! I'm dead!ğŸ¤£ğŸ¤£ğŸ¤£ğŸ¤£ ,,
OlivasAimee, Thu Apr 23 17:32:08 +0000 2020,-122.630908,45.536402, Me: I donâ€™t ever watch tv.Also me: stays up until 4am and watches all episodes of the Leeds United documentary in one night ğŸ¤¦ğŸ»â€â™€ï¸ ,,,
SensitivityFree, Thu Apr 23 17:32:09 +0000 2020,-122.630908,45.536402, @CESmith0770 Hahah yo this dude is a G ğŸ˜† https://t.co/cQBavexL2o ,,,
vvalecillosg, Thu Apr 23 17:32:11 +0000 2020,-122.205946,47.773496, https://t.co/kr54jZsrgr ,,,
johannabrown, Thu Apr 23 17:32:16 +0000 2020,-114.143262,45.494552, @nate_bowling Iâ€™ll always hate 1 and 2. But there is something especially deceptive about 4 that makes my skin crawl. ,,,
50Jukes, Thu Apr 23 17:32:18 +0000 2020,-120.500256,46.554186, Who want theğŸ’¨ https://t.co/WC3gah03zC ,,,
glitzylady, Thu Apr 23 17:32:20 +0000 2020,-122.096397,47.992142, @SweetReunion22 My hubby and I shared it https://t.co/qrqIqTLtVU ,,,
LG_Villanueva, Thu Apr 23 17:32:23 +0000 2020,-122.630908,45.536402, @tavio17h Lovecraft?? ğŸ¤” ,,,
SensitivityFree, Thu Apr 23 17:32:23 +0000 2020,-122.630908,45.536402, @teddyshrew He sleeping bro ğŸ˜‚ ,,,
BellantoniMarco, Thu Apr 23 17:32:26 +0000 2020,-117.154269,46.730822, Some of my winter, fall and summer clips. Really missing âš¾ï¸. Please let us back on the field. @crewathleticsâ€¦ https://t.co/M1ZhvhqMQU ,,
garden0fweedn, Thu Apr 23 17:32:27 +0000 2020,-122.330602,47.614817, what f word must i remind today that theyâ€™re simply sexist for being a man. https://t.co/F5B9OVpx4W ,,,
BobbieJoWicks, Thu Apr 23 17:32:28 +0000 2020,-123.110278,44.384444, My favorite dessert on my keto menu... feels like I am cheating cuz 1)it tastes like a desert &amp; 2) it is so decadenâ€¦ https://t.co/wd3CxQSlEU ,,,
SensitivityFree, Thu Apr 23 17:32:30 +0000 2020,-122.630908,45.536402, @paul_bergum Agreed ğŸ˜‚ ,,,
MilyVanilly, Thu Apr 23 17:32:33 +0000 2020,-122.971884,46.72729, Coach @WomackWeylin is always there.  Attitude adjusted. https://t.co/EjNYk8purm ,,,
ChrisKr50672344, Thu Apr 23 17:32:48 +0000 2020,-122.702686,47.68374, Oh...and your master isnâ€™t?Puuulleez...do you pay attention to anything but Fox News?    Change the channel!â€¦ https://t.co/DDNHTqWo5C ,,,
cinnamon1945, Thu Apr 23 17:32:50 +0000 2020,-120.882482,47.273022, @BrandiKruse yeah your government releasing prisoners but keeping law abiding citizens imprisoned ,,,
killascilla_, Thu Apr 23 17:32:50 +0000 2020,-114.143262,45.494552, And making national news specifically bc sheâ€™s w-h-i-t-e. https://t.co/Y5l9BhAjjr ,,,
knoxmecon, Thu Apr 23 17:32:57 +0000 2020,-122.330602,47.614817, @Josh_Merfeld What, youâ€™re not using the pandemic as an opportunity to read all those papers youâ€™ve always meant to read?? ,,
wardrobewarrior, Thu Apr 23 17:32:59 +0000 2020,-122.265666,47.138004, This statement just about sums it up so far this year! LolğŸ˜‚ #oratrain #lookinalldirections #surprise @ Hurter House https://t.co/KYOwpXvbAh ,,,
Michael18Kahn, Thu Apr 23 17:32:59 +0000 2020,-122.757723,45.486294, https://t.co/3BoBkQ2KMh ,,,
ness1427, Thu Apr 23 17:33:00 +0000 2020,-122.164527,48.088757, this boy of mine brought me breakfast in bed ğŸ¥º ,,,
_NancyMD, Thu Apr 23 17:33:01 +0000 2020,-122.630908,45.536402, Here in #pdx, members of our #Chinese commitment has been hard at work. #COVID19 #PPE #PPENow #communityspirit https://t.co/0JCMurUyaw ,,
cydruc, Thu Apr 23 17:33:02 +0000 2020,-120.882482,47.273022, @HermanM36169986 @Dkmorris0204 I'm about to teach my husband how to cut my hair!!!! ,,,
kevjksull, Thu Apr 23 17:33:09 +0000 2020,-122.795782,45.533126, @nxq7tv @jcjlee @andrewnhem curved or straight monitor? ,,,
Tyloading9, Thu Apr 23 17:33:13 +0000 2020,-120.882482,47.273022, Guys with no facial not affected by this at all ğŸ¤¦ğŸ¾â€â™‚ï¸ ,,,
SensitivityFree, Thu Apr 23 17:33:16 +0000 2020,-122.630908,45.536402, @paul_bergum Yea dude Iâ€™d need a gun or Iâ€™d be using my pepper spray and going for the balls and eyes. Dude gonnaâ€¦ https://t.co/2Gdjm7PqHv ,,,
ShedrackFubara, Thu Apr 23 17:33:17 +0000 2020,-115.001129,54.4987, The story of Nigeria told in picture. I weep for the ordinary man &amp; woman on the streets. Unfortunately the feedingâ€¦ https://t.co/F5jmHzywnf ,,,
ericaberry2001, Thu Apr 23 17:33:19 +0000 2020,-122.218075,47.392311, @hockeyphreak @ohshlebs That was such a crazy game to watch. I was sort of barely paying attention, then all of a sudden BAM. ,,
xoxomagui3, Thu Apr 23 17:33:19 +0000 2020,-122.93553,45.530779, Idk why but for some FUCKING STUPID ASS reason guys become less attractive to me when they start being lovey doveyâ€¦ https://t.co/K9hMsjlQ49 ,,,
realityunf0lds, Thu Apr 23 17:33:30 +0000 2020,-122.630908,45.536402, @a_giardini now I HAVE to know ,,,
topshelfrecords, Thu Apr 23 17:33:42 +0000 2020,-122.630908,45.536402, @itsaddy @allbageldiet hahahaha losing it over wasps ,,,
ericaberry2001, Thu Apr 23 17:33:42 +0000 2020,-122.218075,47.392311, Craziest game Iâ€™ve ever watched tbh ,,,
BugHunt, Thu Apr 23 17:33:45 +0000 2020,-122.163996,47.530428, @OhNoSheTwitnt @LOLGOP ğŸ¤£ğŸ˜†ğŸ˜ ,,,
kaaynguyen, Thu Apr 23 17:33:46 +0000 2020,-122.194398,47.481598, i lost at least 5 years of my life watching this ,,,
teschwindt, Thu Apr 23 17:33:50 +0000 2020,-122.630908,45.536402, Biscuit loves those ,,,
tmj_wat_cstsrv, Thu Apr 23 17:33:55 +0000 2020,-122.228453,47.307323, See our latest #Auburn, WA #CustomerService job opportunity and click the link in our bio to apply: CUSTOMER SERVICE REP - 1007 at Chevron ,,
NancyRomm, Thu Apr 23 17:33:58 +0000 2020,-122.630908,45.536402, @AlfredSchulz @georgeandjacks @vonTrappBrewing @LodgeTavern @keenssteakhouse @RWTheCarlyle Do matchbooks next! (not kidding!) ,,,
chooseyy, Thu Apr 23 17:33:59 +0000 2020,-122.149768,47.597856, @joejonas @kelle_hansman TOUR DOCUMENTARY ,,,
wtfExpo, Thu Apr 23 17:34:07 +0000 2020,-122.330602,47.614817, Edit for @TeamSurgeGGS#SurgeRC #SurgeERC https://t.co/xtZAJg35Hd ,,,
ChrisKr50672344, Thu Apr 23 17:34:13 +0000 2020,-122.702686,47.68374, Iâ€™ll second that motion!!! ,,,
_Megladon, Thu Apr 23 17:34:16 +0000 2020,-120.539923,46.993279, I canâ€™t believe people still eat here after the whole ecoli thing like 5 years ago ,,,
SeaTacsFinest, Thu Apr 23 17:34:16 +0000 2020,-122.218075,47.392311, @Joe_Fann Exactly. So I am ready for Darrell Taylor! He looks huge which is good just don't know how good of an Edge he can be. ,,,
Kaelib_l, Thu Apr 23 17:34:17 +0000 2020,-122.630908,45.536402, @knknkanro ã™ã”ããˆãˆã‚„ã‚“ã“ã‚Œï¼è¼‰ã›ã¦ãã‚Œã¦ã‚ã‚ŠãŒã¨ã†ï¼ ,,,
ahammTNT, Thu Apr 23 17:34:19 +0000 2020,-122.455344,47.24296, I see what you did there.... https://t.co/BKrykUxzE8 ,,,
intowildplaces, Thu Apr 23 17:34:20 +0000 2020,-122.330602,47.614817, @lou_kicks LUKE, PLEASE. I canâ€™t have a crisis before 11:00. Not today. ,,
nucksonthepond, Thu Apr 23 17:34:24 +0000 2020,-122.630908,45.536402, @TheWellKnown As long as we do what the GOP and Dems want and continuing dismissing and ostracizing third parties,â€¦ https://t.co/qB9Ed9FCac ,,
hollychavet, Thu Apr 23 17:34:24 +0000 2020,-122.430277,48.753353, @realDonaldTrump fuck you ,,,
RagingDemons, Thu Apr 23 17:34:30 +0000 2020,-122.455344,47.24296, @Rushlemania It could be something else. Like me. Normal milk, without anything in it, does it for me YET anythingâ€¦ https://t.co/gJrs7j9OZl ,
_jaayyyy, Thu Apr 23 17:34:32 +0000 2020,-122.455344,47.24296, @OddCJ @__ml3__ i thought you was the best malik ,,,
KamaraSwaby, Thu Apr 23 17:34:34 +0000 2020,-122.149768,47.597856, Definitely going to order from @openpoetrybooks! It is a home away from home! ,,,
BMeece92, Thu Apr 23 17:34:38 +0000 2020,-122.274055,47.905972, White people get met with an inconvenience that impacts them and acts like everyone has to follow what THEY and onlâ€¦ https://t.co/7dOMFxr58G ,,,
KierstenConner, Thu Apr 23 17:34:39 +0000 2020,-122.194398,47.481598, Yesterday a Gen Xâ€™er got mad at me because she wants to reopen the economy and I told her to give me 5 people she kâ€¦ https://t.co/qM4PMfDl3n ,,,
gattasurgeon, Thu Apr 23 17:34:39 +0000 2020,-120.882482,47.273022, Special thanks to Lizette Love and Strawberry from Kube 93.3 in Seattle for shedding light on COVID 19 to all the yâ€¦ https://t.co/vr8vyC1Upm ,,,
itsmikebivins, Thu Apr 23 17:34:40 +0000 2020,-122.630908,45.536402, many of the people who say â€œwe are never going back to normalâ€ clearly havenâ€™t experienced deeply profound shit befâ€¦ https://t.co/kRVmheityP ,,,
BMeece92, Thu Apr 23 17:34:40 +0000 2020,-122.274055,47.905972, Lol they really are so delusional itâ€™s dumbfounding ğŸ¤¦ğŸ½â€â™‚ï¸ ,,,
greg_mcalindon, Thu Apr 23 17:34:47 +0000 2020,-122.197305,47.092632, @8Nikki3 @SteveMartinToGo ğŸ¤£ ,,,
jrfoldes, Thu Apr 23 17:34:47 +0000 2020,-123.370838,48.496225, @Jackson_porter Can I perform the wedding since I got my license online? ,,,
glitzylady, Thu Apr 23 17:34:50 +0000 2020,-122.096397,47.992142, @Vudoobird @shuboogie I have another friend who ordered what she thought was 10 bananas, got 10 pounds. She was thiâ€¦ https://t.co/9l0oorpdjN ,,
tifftrin, Thu Apr 23 17:34:53 +0000 2020,-122.93553,45.530779, Does someone want to drive up to Portland and take me back home next weekend? ğŸ™ƒğŸ˜‚ because Iâ€™m scared as hell to go back on a plane ,,,
allyct1200, Thu Apr 23 17:34:54 +0000 2020,-120.583402,44.145437, @xEmmyLuna I love the color choices! They bounce off each other very well!! ,,,
sharethecities, Thu Apr 23 17:34:55 +0000 2020,-122.330602,47.614817, My entire Facebook feed is people asking for food or money for food or organizations asking for money and I definitâ€¦ https://t.co/8MiQsc4ucI ,,,
tmj_WA_secure, Thu Apr 23 17:34:57 +0000 2020,-122.202079,47.978985, Whether youâ€™re new to the security industry or an experienced professional, Allied Universal has open jobs for you!â€¦ https://t.co/IxkGpuqb6T ,,
aubrianapaige, Thu Apr 23 17:35:07 +0000 2020,-114.143262,45.494552, really reaaaalllyyyy wanting to go camping ğŸ¥º ,,,
Rickb787, Thu Apr 23 17:35:07 +0000 2020,-122.15057,48.168642, @NYGovCuomo Look who we're talking about here, a selfish, conservative cretin that believes if you don't believe asâ€¦ https://t.co/bM1NgAACkr ,
TonyPar36282257, Thu Apr 23 17:35:08 +0000 2020,-122.630908,45.536402, @readdork @petewentz @CheapCuts The elderly need housing donated a State Farms requested sex for money for elderlyâ€¦ https://t.co/Ib5yHHXRU3 ,,,
Leakri, Thu Apr 23 17:35:10 +0000 2020,-120.583402,44.145437, @DavidCornDC Fools ,,,
TonyPar36282257, Thu Apr 23 17:35:14 +0000 2020,-122.630908,45.536402, @tylerrjoseph https://t.co/ZZuWXh1r3A ,,,
allyct1200, Thu Apr 23 17:35:23 +0000 2020,-120.583402,44.145437, @KelseyPintzow I love them! Thank you ğŸ’–ğŸ’–ğŸ’–ğŸ’– ,,,
BMeece92, Thu Apr 23 17:35:25 +0000 2020,-122.274055,47.905972, Donâ€™t remind them ğŸ˜‚ğŸ˜‚ ,,,
worldschanging, Thu Apr 23 17:35:31 +0000 2020,-122.630908,45.536402, @IanStansfield14 @J4m3s1701 @MattKleinman @TrekMovie The opinions of RWNJs don't matter. I mean you retweet white nâ€¦ https://t.co/2oFwkIrpc1 ,,,
GoViksSoccer, Thu Apr 23 17:35:32 +0000 2020,-122.300254,47.186954, ğŸ§‘â€ğŸ“ ğŸ‰ Senior Recognition ğŸ‰ ğŸ§‘â€ğŸ“Today we honor Aaron Core - the only player bold enough to wear a baseball hat duriâ€¦ https://t.co/U15kvAHL4Z ,,,
nwmagnolia, Thu Apr 23 17:35:37 +0000 2020,-122.330602,47.614817, Sadness. ,,,
kidzombie666, Thu Apr 23 17:35:41 +0000 2020,-122.630908,45.536402, @_Arcturian_ Omg have fun!!! Thatâ€™s a worthwhile quarantine adventure ,,,
BMeece92, Thu Apr 23 17:35:42 +0000 2020,-122.274055,47.905972, That weird IG challenge phase was WEIRD. Glad yâ€™all off that shit ğŸ˜‚ ,,,
skambeezy, Thu Apr 23 17:35:46 +0000 2020,-122.630908,45.536402, I canâ€™t recall ever wanting to NOT watch a show this badly. They really fucked us over on the ending of that first season. #PennyDreadful ,,,
lauren_nelander, Thu Apr 23 17:35:59 +0000 2020,-122.669236,47.561802, @litbitxh HAHAHAHAHHAHAA ,,,
MichaelmPrince, Thu Apr 23 17:35:59 +0000 2020,-122.430277,48.753353, @TMobile is blocking WiFi calling on phones they do not own @FCC @FTC @CIA As a disabled veteran with urgent medicaâ€¦ https://t.co/vYyjmDwli8 ,,,
kidzombie666, Thu Apr 23 17:36:00 +0000 2020,-122.630908,45.536402, @chRAWmatica Twitter is the gift that keeps on giving ,,,
BMeece92, Thu Apr 23 17:36:02 +0000 2020,-122.274055,47.905972, This new Devvon Terrell lowkey waaaaaaaaaaaaaaavy ,,,
SabonisHook, Thu Apr 23 17:36:06 +0000 2020,-122.630908,45.536402, @Mattjohn007 https://t.co/U0HVKMyGrS ,,,
Leakri, Thu Apr 23 17:36:13 +0000 2020,-120.583402,44.145437, @Acosta I think he answered yesterdayğŸ˜‰ ,,,
thomsen_kirk, Thu Apr 23 17:36:18 +0000 2020,-122.035069,47.60812, @MarioAndretti @IMS Insane... ,,,
TonyPar36282257, Thu Apr 23 17:36:23 +0000 2020,-122.678779,45.514886, @SiriusXMHits1 @petewentz My co-workers need housing the elderly need housing veterans domestic violence survivorsâ€¦ https://t.co/iuTq4wL5qD ,,,
saysthegirl, Thu Apr 23 17:36:24 +0000 2020,-122.284264,47.176459, @SilencedHippie What color were you wanting? ,,,
tommytewtone, Thu Apr 23 17:36:27 +0000 2020,-122.164527,48.088757, @seanhannity Whoâ€™s the bigger beer chugger? ,,,
jennyhKOIN, Thu Apr 23 17:36:27 +0000 2020,-122.630908,45.536402, For my Writersâ€™ Bloc this week, I took a stroll down memory laneâ€” interviewing a set of Portland twins who co-authoâ€¦ https://t.co/4ggeQZkCOO ,,
allyct1200, Thu Apr 23 17:36:31 +0000 2020,-120.583402,44.145437, @brooke_sumption I love this so much ğŸ’–ğŸ’–ğŸ’– and Iâ€™m always game for videos! Hahaha Iâ€™m not copying any looks, so photoâ€¦ https://t.co/IEg5slEHmT ,,
ScubaSteve_33, Thu Apr 23 17:36:32 +0000 2020,-117.282735,47.649746, @MrRager1376 Yes, conference rankings and where GU, BYU &amp; SMC were last year. All highly ranked in every category.â€¦ https://t.co/T8egJdqyCh ,
robbiecook28, Thu Apr 23 17:36:40 +0000 2020,-122.630908,45.536402, @313JMAC @RyShute4 Appreciate you bro.  I had everything on and changed clothes once I got home we walked my drs are 4 blocks away . ,,,
BOSLifeDavinci, Thu Apr 23 17:36:42 +0000 2020,-122.194398,47.481598, This is tru ,,,
whatupRuck, Thu Apr 23 17:36:43 +0000 2020,-122.280014,47.469552, @asherroth new album got me like https://t.co/sBAjURhkoK ,,,
Spudgroshong, Thu Apr 23 17:36:45 +0000 2020,-122.630908,45.536402, @taylersteven Iâ€™m sorry dude. I know how much you were looking forward to it. ,,,
jrfoldes, Thu Apr 23 17:36:45 +0000 2020,-123.370838,48.496225, @Jackson_porter Nothing against Ethan, but if I call Prokop I can have Ed Sheeran sing at your wedding. With Ethanâ€¦ https://t.co/zhB7x6bDMk ,,
CptHavis, Thu Apr 23 17:36:51 +0000 2020,-122.166004,47.180856, Qdoba &gt;&gt;  chipotle ,,,
nickm2323, Thu Apr 23 17:36:59 +0000 2020,-122.149397,47.862766, Check out Conservative HH's video! #TikTok https://t.co/HOuylVZNgu ,,,
BrodieGrody, Thu Apr 23 17:37:01 +0000 2020,-122.630908,45.536402, @wennpa It actually sucks they hide my posts from the regular feed ,,,
Curiel_19, Thu Apr 23 17:37:03 +0000 2020,-120.252874,47.424134, quicksand is a real threat we face daily. ,,,
Mckeeluck, Thu Apr 23 17:37:03 +0000 2020,-122.231788,47.95995, Nailed it! ,,,
MichaelmPrince, Thu Apr 23 17:37:05 +0000 2020,-122.430277,48.753353, @AppleSupport I need assistance with WiFi calling ğŸ˜ ,,,
BroCadillac, Thu Apr 23 17:37:07 +0000 2020,-122.220763,47.469041, The HD rearview camera available on Cadillac.  The 1280x240 display improves situational awareness on what's in theâ€¦ https://t.co/2wHcsom1ai ,,,
Neal53534590, Thu Apr 23 17:37:08 +0000 2020,-122.272453,47.056876, @Niklbag @HotlineJosh @benshapiro Duhnald Trumpov has no credibility left! When every other sentence is a lie thenâ€¦ https://t.co/Yn59wr5Kiq ,,,
Azuelo21, Thu Apr 23 17:37:09 +0000 2020,-122.334461,47.307568, @BaironValleP @CynthiaViteri6 @alcaldiagye SerÃ­a de preguntarle al aprendiz de socialista @BaironValleP que o con câ€¦ https://t.co/iKpfy8ASXH ,,,
writingcentersu, Thu Apr 23 17:37:09 +0000 2020,-122.284264,47.176459, ğŸ‘ğŸ‘ğŸ‘ ,,,
billyjarrettugh, Thu Apr 23 17:37:10 +0000 2020,-120.882482,47.273022, @TheMike31 Kino went all out on this, you love to see it. ,,
SabonisHook, Thu Apr 23 17:37:12 +0000 2020,-122.630908,45.536402, @Mattjohn007 I donâ€™t even like apricots either. These are ğŸ”¥ğŸ”¥ğŸ”¥ ,,,
JaYSmooth___, Thu Apr 23 17:37:13 +0000 2020,-122.343179,47.755871, Never been so pumped for an NFL draft. Highlight of my week ğŸ¥º ,,,
mr_balenciyagaa, Thu Apr 23 17:37:13 +0000 2020,-122.334461,47.307568, Unt unt lmaooo ,,,
tommytewtone, Thu Apr 23 17:37:15 +0000 2020,-122.164527,48.088757, @NewsHour Two years late ,,,
TatiGrebennique, Thu Apr 23 17:37:15 +0000 2020,-122.330602,47.614817, @tant_mielz Ğ’ĞµÑÑŒ Ğ² Ñ…Ğ¾Ğ·ÑĞµĞ²! ğŸ˜‚ ,,,
MaamDott1, Thu Apr 23 17:37:20 +0000 2020,-122.630908,45.536402, @itscmonsta Emotionally ,,,
ChrisKr50672344, Thu Apr 23 17:37:20 +0000 2020,-122.702686,47.68374, Make more of these...Great!! ,,,
writingcentersu, Thu Apr 23 17:37:23 +0000 2020,-122.284264,47.176459, Let us know how your at-home learning is going! What methods do you use to keep yourself on top of your assignmentsâ€¦ https://t.co/hYt2ihmwtS ,,,
BMeece92, Thu Apr 23 17:37:28 +0000 2020,-122.274055,47.905972, Everyone that laughed gotta get hit with the chopper ,,,
ChrissyARoberts, Thu Apr 23 17:37:29 +0000 2020,-119.989551,46.999175, Thank you Mother Earth we appreciate youğŸŒboth peeps and doggies. #earthday #dogs #environment #hikesâ€¦ https://t.co/qRXW6XDrws ,,,
Curiel_19, Thu Apr 23 17:37:35 +0000 2020,-120.252874,47.424134, beware of the Bermuda triangle. ,,,
Leakri, Thu Apr 23 17:37:35 +0000 2020,-120.583402,44.145437, @kylegriffin1 @jonkarl Imagine trying to work for lunatic ,,,
allyct1200, Thu Apr 23 17:37:36 +0000 2020,-120.583402,44.145437, @MuttsAndMascara So pretty!! And I donâ€™t mean to hit on you but your eyes and lips are so pretty ğŸ˜­ğŸ˜­ğŸ˜­ tbh your faciaâ€¦ https://t.co/k3dqja1dlW ,,,
LolaCoquette, Thu Apr 23 17:37:38 +0000 2020,-122.630908,45.536402, JuicyğŸ‘Image: Miss PryssğŸŒˆğŸ˜‡ğŸ¦„ https://t.co/FIlEFf4DSu ,,,
SallyMoen2, Thu Apr 23 17:37:40 +0000 2020,-122.231788,47.95995, @observerug Not only is oil dirty when itâ€™s burned in vehicles, itâ€™s dirty when it comes out of the ground. Even thâ€¦ https://t.co/vOQnD03Gb7 ,,
whatupRuck, Thu Apr 23 17:37:42 +0000 2020,-122.280014,47.469552, @asherroth been waiting on this! thank you ,,,
richboudet, Thu Apr 23 17:37:50 +0000 2020,-122.307427,47.792534, Checks map* / sadly my car windows wind buffet above 90. Allegedly. ,,,
KirasAndRheasMo, Thu Apr 23 17:37:53 +0000 2020,-122.20511,47.47515, The fact that I'm working to pay for his food and extracurricular activities pales in the reality that it's been 10â€¦ https://t.co/3xHZ7oItAi ,,,
centristSpokane, Thu Apr 23 17:37:53 +0000 2020,-117.434547,47.667438, @ModerateWill @redskin_potato Trading on non public info is a crime either way. This is the silly rationale you heaâ€¦ https://t.co/WUqj1zaQqJ ,,,
MaamDott1, Thu Apr 23 17:37:54 +0000 2020,-122.630908,45.536402, @Latoya331 I can Almost agree to a point. ,,,
tmj_WAK_sales, Thu Apr 23 17:37:55 +0000 2020,-117.40812,47.717501, Looking to score a job at Lowe's? You're in luck. Click the link in our bio for the job description and informationâ€¦ https://t.co/Q5vGemJ42i ,,,
ascales0, Thu Apr 23 17:38:00 +0000 2020,-119.17594,46.199292, @BMJ509 @SpreadShow Lmaooooo ,,,
pdxpolicelog, Thu Apr 23 17:38:02 +0000 2020,-122.60493,45.531268, UNWANTED PERSON at 1100 NE 57TH AVE, PORT [Portland Police #PP20000132053] 10:31 #pdx911 ,,
pdxpolicelog, Thu Apr 23 17:38:02 +0000 2020,-122.500142,45.504418, THEFT - COLD at 15800 SE DIVISION ST, PORT [Portland Police #PP20000132037] 10:15 #pdx911 ,,
AndrewLBaker, Thu Apr 23 17:38:02 +0000 2020,-120.583402,44.145437, @StrokerAceKid @MW55 @WaltripBrewing Is it weird that I kinda just want a coaster? Those are sweet! ,,,
pdxpolicelog, Thu Apr 23 17:38:02 +0000 2020,-122.695534,45.467189, UNWANTED PERSON at 7900 SW 17TH AVE, PORT [Portland Police #PP20000132041] 10:12 #pdx911 ,,
JasmineArment, Thu Apr 23 17:38:03 +0000 2020,-120.583402,44.145437, @danadonly iâ€™m on good terms with one of them ,,,
Curiel_19, Thu Apr 23 17:38:03 +0000 2020,-120.252874,47.424134, Love dont live here, and it don't even visit. ,,
allyct1200, Thu Apr 23 17:38:12 +0000 2020,-120.583402,44.145437, @Cenzington Still looks great though!! Keep up the awesome work ğŸ’–ğŸ’–ğŸ’– tbh, Iâ€™m still learning myself. ,,
morganncline, Thu Apr 23 17:38:13 +0000 2020,-117.079576,47.663557, Yes but they purposely picked people who were clearly like addicted to sex. Like a bitch cried when she found out tâ€¦ https://t.co/F12TdKfWpY ,,,
MaamDott1, Thu Apr 23 17:38:15 +0000 2020,-122.630908,45.536402, @MsToyaBabii229 Praying ,,,
sharethecities, Thu Apr 23 17:38:18 +0000 2020,-122.330602,47.614817, Really donâ€™t understand why this keeps coming up as a priority for our city, our district when funds are so scarceâ€¦ https://t.co/figsPGsL1c ,,
knoxmecon, Thu Apr 23 17:38:19 +0000 2020,-122.330602,47.614817, Wow, this is an important thread and a very different conclusion than that 88% mortality number.  Has COVID-19 causâ€¦ https://t.co/utmgfBwLLY ,,
call_me_rory, Thu Apr 23 17:38:20 +0000 2020,-122.330602,47.614817, Getting warranty support on our Burrow sofa during quarantine is not what I had in mind for the day. ,,,
NewGirlSam, Thu Apr 23 17:38:24 +0000 2020,-122.192819,47.813016, In the last 24hrs Iâ€™ve had 20 different men ask me if I have an onlyfans, I guess itâ€™s time to give the people what they want ğŸ¥° ,,
tmj_pdx_constru, Thu Apr 23 17:38:25 +0000 2020,-122.989827,45.522894," Have you ever had a role like ""Safety Specialist / Professional - FT""? What did you like most about that job? #safetyjobs #Hillsboro", OR ,,
steveconsultsp1, Thu Apr 23 17:38:28 +0000 2020,-117.434547,47.667438, How much?  It looks like a Stock SS Nova with a 327.ğŸ¤”ğŸ‡ºğŸ‡¸ğŸ˜ğŸ ,,,
femmesyrienne, Thu Apr 23 17:38:35 +0000 2020,-96.307306,65.838115, @mebutweirder nonnn ğŸ’€ je peux pas respirer khalas ,,,
LolaCoquette, Thu Apr 23 17:38:36 +0000 2020,-122.630908,45.536402, Looooooovvvve @KarenKilgariff ğŸ’œ#SSDGM ,,,
_NancyMD, Thu Apr 23 17:38:38 +0000 2020,-122.630908,45.536402, Community! Community gah ,,,
Macabre_Kitty, Thu Apr 23 17:38:41 +0000 2020,-122.633393,45.738279, @WanderinBritchz And even a few typos as per on brand hahaha ğŸ¤£ğŸ¤·â€â™‚ï¸ ,,,
Jennifeer_x, Thu Apr 23 17:38:44 +0000 2020,-122.192819,47.813016, ğŸ˜­ğŸ˜­ğŸ˜­ğŸ˜­ğŸ˜­ğŸ˜­ğŸ˜­ğŸ˜­ğŸ˜­ğŸ˜­ğŸ˜­?? ,,,
carloncouncil, Thu Apr 23 17:38:45 +0000 2020,-123.421838,48.581983, @BCLions @VancityReynolds @theweeknd @Nickelback @ShaniaTwain @RachelAMcAdams @CFL 6, 8 &amp; 7! ,,
Johtus1288, Thu Apr 23 17:38:46 +0000 2020,-120.583402,44.145437, Damnit I donâ€™t have a naughty mind... ğŸ˜” I saw the duck in 5 seconds. ,,,
MaamDott1, Thu Apr 23 17:38:46 +0000 2020,-122.630908,45.536402, @BrodaFemo ğŸ˜© ,,,
Chadmmmk, Thu Apr 23 17:38:50 +0000 2020,-122.330602,47.614817, @siegelka @darth @delawarehumane Best. Name. Ever. Well done. ,,,
vvalecillosg, Thu Apr 23 17:38:50 +0000 2020,-122.192819,47.813016, I swear I will never do online school anymore ,,,
chelsienoel_, Thu Apr 23 17:38:51 +0000 2020,-122.330602,47.614817, @socimpactyoda This is great. So glad to see this practical application/opportunity for community service. ,,,
tmj_OR_psych, Thu Apr 23 17:38:57 +0000 2020,-122.639261,45.44623, Providence Health &amp; Services is growing! Click here to apply for this Physician position in Milwaukie, OR today.â€¦ https://t.co/ndyzXewGDp ,,
lilpaypal, Thu Apr 23 17:38:59 +0000 2020,-122.805579,45.484892, When the hell did you catch it?!?!ğŸ¥ºğŸ¥ºğŸ¥ºğŸ˜”ğŸ˜”ğŸ˜” ,,,
robchristianson, Thu Apr 23 17:38:59 +0000 2020,-122.197305,47.092632, Hey @SincroMarketing - congratulations! Looking forward to the evolution of your new brand. All the best.... https://t.co/U8d7EpvPrG ,,,
cinnamon1945, Thu Apr 23 17:39:00 +0000 2020,-120.882482,47.273022, @BrandiKruse let me say sorry for your loss however he would not want to live in prison in your own home or in a nuâ€¦ https://t.co/OAu2nDmjvU ,,,
TimFromPuyallup, Thu Apr 23 17:39:00 +0000 2020,-120.882482,47.273022, @thestevenwoods Proposals at baseball games. ,,,
angelsr4u, Thu Apr 23 17:39:05 +0000 2020,-120.583402,44.145437, Iâ€™ll never be to old to crawl into bed with my mom . And thatâ€™s on comfort ,,,
allyct1200, Thu Apr 23 17:39:06 +0000 2020,-120.583402,44.145437, @MuttsAndMascara I try ğŸ˜­ğŸ’– ,,,
carloncouncil, Thu Apr 23 17:39:12 +0000 2020,-123.421838,48.581983, @jeffoneilshow 6, 8 &amp; 7! ,,
kole_musgrove, Thu Apr 23 17:39:17 +0000 2020,-122.588975,45.630589, How is Joe on the high risk but Tua isnâ€™t? ,,,
mattterror, Thu Apr 23 17:39:25 +0000 2020,-122.770073,45.376468, I need to stop looking at Facebook at just go straight to Animal Crossing in the morning. ,,,
LesleyP26, Thu Apr 23 17:39:26 +0000 2020,-122.230474,47.221013, @CityOfSumnerWA Just something to keep in mind for the future. They are nice folks. I'm sure they're working extra hard. ,,,
Dsraneh, Thu Apr 23 17:39:29 +0000 2020,-120.882482,47.273022, https://t.co/6zASaVd389 ,,,
montelakeBOB, Thu Apr 23 17:39:33 +0000 2020,-126.557612,54.112504, @VIAwesome Yeah, Vancouver is awesome alright. ,,
timothyharding, Thu Apr 23 17:39:37 +0000 2020,-122.074875,47.743503, @bjwinnerdavis Because she has stuff to say - devastating stuff. ,,,
drjootz, Thu Apr 23 17:39:38 +0000 2020,-122.630908,45.536402, IL-6: cytokine that inhibits CD4 T cell differentiation; elevated with number of viral infxns. 5/9 peds patients wâ€¦ https://t.co/IzcjVmIFXe ,,,
LSelvar, Thu Apr 23 17:39:39 +0000 2020,-122.296489,47.442583, @HayleyRocksU ğŸ™‹ğŸ™‹ğŸ™‹ğŸ™‹ğŸ™‹ğŸ™‹ğŸ™‹ğŸ™‹ğŸ™‹ğŸ™‹ğŸ™‹ğŸ™‹ğŸ™‹ğŸ™‹ğŸ™‹ğŸ™‹ğŸ™‹ğŸ™‹ğŸ™‹ğŸ™‹ğŸ™‹ğŸ™‹ME!ğŸ™‹ğŸ™‹ğŸ™‹ğŸ™‹ğŸ™‹ğŸ™‹ğŸ™‹ğŸ™‹ğŸ™‹ğŸ™‹ğŸ™‹ğŸ™‹ğŸ™‹ğŸ™‹ğŸ™‹ğŸ™‹ğŸ™‹ğŸ™‹ğŸ™‹ğŸ™‹ğŸ™‹ğŸ™‹ğŸ™‹ ,,,
MaamDott1, Thu Apr 23 17:39:42 +0000 2020,-122.630908,45.536402, @opuro_nkwan https://t.co/N6G0qkctYT ,,,
hoffa___, Thu Apr 23 17:39:42 +0000 2020,-122.630908,45.536402, https://t.co/1C6WYoKXLH ,,,
timkol10, Thu Apr 23 17:39:44 +0000 2020,-122.765409,47.039416, @Podolski10 @Arsenal Poldi!!! ,,,
Kimb3rlyAngul0, Thu Apr 23 17:39:47 +0000 2020,-122.296489,47.442583, ğŸŒ¸ ğŸˆ https://t.co/e9hN4M2ahd ,,,
SpencerMarona, Thu Apr 23 17:39:48 +0000 2020,-122.551095,45.410135, #USCongress #Vote #2020election ,,,
cainmarkj, Thu Apr 23 17:39:49 +0000 2020,-117.434547,47.667438, What you hope for shapes what you live for... ,,,
Jennsweeney0507, Thu Apr 23 17:39:49 +0000 2020,-117.051966,46.413097, Not bad for painting. Aladdin for the first time.!!!!!  On canvas next.! Birthday present for @jamessmurray !! https://t.co/CYSR9lpgGu ,,,
LaurenSchlaeppi, Thu Apr 23 17:39:50 +0000 2020,-122.218075,47.392311, @kayajmorris @Brooklynfacts1 @thehill Move to Moscow comrade ,,,
elijahteter, Thu Apr 23 17:39:54 +0000 2020,-122.266,45.3975, One of the most powerful interviews you will ever see, honored to be on @snowprocamp talking with Kevin about growiâ€¦ https://t.co/ftFXPlXZQ5 ,,
cptpartytits, Thu Apr 23 17:39:57 +0000 2020,-122.630908,45.536402, @PNWAwokenDaddy Iâ€™ve been hearing good things for awhile, glad I finally got around to watching it. ,,
GTJennyHerndon, Thu Apr 23 17:40:00 +0000 2020,-122.413071,45.503979, Happy birthday to the best General Manager that anyone could ever ask for! bill.james.58910049 is a quiet leader. Hâ€¦ https://t.co/tPBxBEC0LG ,,,
spicylemonsauce, Thu Apr 23 17:40:01 +0000 2020,-114.143262,45.494552, I got a hearty cackle from thisğŸ˜‚ğŸ˜‚ğŸ˜‚ğŸ˜‚ğŸ˜‚ ,,,
BournePoly11, Thu Apr 23 17:40:01 +0000 2020,-120.882482,47.273022, @kalanfrfr ğŸ˜‚ i donâ€™t be getting that bro ğŸ¤¦ğŸ¾â€â™‚ï¸ ,,,
pdxpolicelog, Thu Apr 23 17:40:01 +0000 2020,-122.529633,45.483645, HAZARD - HAZARDOUS CONDITION at 13000 SE HAROLD ST, PORT [Portland Police #PP20000132069] 10:33 #pdx911 ,,
ClassicLana_, Thu Apr 23 17:40:03 +0000 2020,-122.351716,48.723973, I think I watch my @bexmader cameo at least 5 times each day. Iâ€™m so happy I have something to look at everyday thaâ€¦ https://t.co/fDliaAVocv ,,,
KySheBahtYas, Thu Apr 23 17:40:06 +0000 2020,-122.15057,48.168642, It's Such A Beautiful Ting To Be Brought Together In Righteousness One Nation One Family All Of #JACOBS Children Unâ€¦ https://t.co/2Rrw40pzYo ,,,
movinmeat, Thu Apr 23 17:40:10 +0000 2020,-122.074875,47.743503, Wow ,,,
centristSpokane, Thu Apr 23 17:40:11 +0000 2020,-117.434547,47.667438, @ModerateWill @redskin_potato Some of the trades ppl are criticizing Loefgler for are ridiculous. Late Feb early Maâ€¦ https://t.co/k5CG2odgnA ,,,
Rivera_Neo08, Thu Apr 23 17:40:14 +0000 2020,-122.438602,45.545501, My niners finna change da game today!! ,,,
BMeece92, Thu Apr 23 17:40:17 +0000 2020,-122.274055,47.905972, LAWWD the toe ring/anklet make a nigga go crazy ğŸ¥´ğŸ¥´ ,,,
Heyrusso, Thu Apr 23 17:40:21 +0000 2020,-123.358379,48.42673, @mungo7873 @thorfied Next heâ€™ll walk into a Thai massage parlour... â€œ oh, this isnâ€™t Ray Jay?â€ ,,
Joh_Nathan96, Thu Apr 23 17:40:22 +0000 2020,-122.588975,45.630589, @Tmcilmoil Think about it ,,,
VeronicaTann1, Thu Apr 23 17:40:25 +0000 2020,-122.330602,47.614817, @m0nykaa Yeah.... itâ€™s crazy. People went from hoarding toilet paper to flour ğŸ™„ğŸ™„ğŸ™„ Iâ€™m just annoyed cause I canâ€™t find any ,,,
evieluxx, Thu Apr 23 17:40:27 +0000 2020,-122.330602,47.614817, Child model years ğŸ¤“ğŸ˜‚ğŸ˜‚ğŸ˜‚ https://t.co/a1nc2cR92F ,,,
JohnBathurst1, Thu Apr 23 17:40:28 +0000 2020,-122.330602,47.614817, @AngelGotti5 At least Sarah uses her brain, can't say that about cuomo. ,,
ajamirr, Thu Apr 23 17:40:30 +0000 2020,-122.205946,47.773496, @Ken_Rosenthal @EvanDrellich Stop working with Drellich Ken. Heâ€™s bringing you down. He is a â€œreporter â€œ with an axâ€¦ https://t.co/2HQOCQSxyz ,,,
KaliaJasmine, Thu Apr 23 17:40:31 +0000 2020,-122.630908,45.536402, School Girl Twerks After School by JasmineKalia @manyvids https://t.co/xTlbH223Qs ,,,
KlatuBaradaNiko, Thu Apr 23 17:40:31 +0000 2020,-122.923516,47.064528, @Planetary_Sec YupThis was in Russiahttps://t.co/qYVlHO68Xz ,,,
DancesWithRain, Thu Apr 23 17:40:31 +0000 2020,-122.330602,47.614817, @MaryBethWylie I think they must like sweaty arse too ... ,,,
izadxxra, Thu Apr 23 17:40:58 +0000 2020,-122.330602,47.614817, como que pode uma pessoa ser assim vei https://t.co/qKHxiJml1G ,,,
StonerRandoms, Thu Apr 23 17:41:01 +0000 2020,-122.630908,45.536402, @tim_portland @pdxalerts LOL!! ,,,
PUSSYRlOT, Thu Apr 23 17:41:06 +0000 2020,-122.330602,47.614817, Halloween, Friday, evil dead ,
BugHunt, Thu Apr 23 17:41:07 +0000 2020,-122.163996,47.530428, Yeah, this is what they need. Not PPE. Not ventilators. Not a coherent strategy to combat a worldwide pandemic. Butâ€¦ https://t.co/IQaSG8jL61 ,,
_NancyMD, Thu Apr 23 17:41:14 +0000 2020,-122.630908,45.536402, Here in #pdx, our #Chinese #community has been busy making #PPE. Iâ€™m so proud and so touched. #COVID19 #PPENowâ€¦ https://t.co/F5rOFaAVlF ,,
markfromhalsey, Thu Apr 23 17:41:19 +0000 2020,-120.583402,44.145437, @LALewman Who will Donald pick on and bully next??The reporter asking intelligent questions about air traffic, andâ€¦ https://t.co/K2GjkqizHh ,,
DancesWithRain, Thu Apr 23 17:41:20 +0000 2020,-122.330602,47.614817, @trueleaffarms I could eat all of that!~!!! ,,,
Macabre_Kitty, Thu Apr 23 17:41:21 +0000 2020,-122.633393,45.738279, @WanderinBritchz The owls struck me stupid initially... https://t.co/NFu3p0xejh ,,,
Billy_Purcell, Thu Apr 23 17:41:23 +0000 2020,-122.635672,45.415885, Our betters are ok with tanking the economy to get orange man. Thatâ€™s how corrupt and cynical they are. ,,,
coachmunk, Thu Apr 23 17:41:27 +0000 2020,-120.583402,44.145437, @Spunkdaddy9 @BPiper18 @SwarmandPunish ,,,
Zhanike, Thu Apr 23 17:41:27 +0000 2020,-122.274055,47.905972, ĞšÑÑ‚Ğ°Ñ‚Ğ¸, Ñƒ Ğ½ĞµĞºĞ¾Ñ‚Ğ¾Ñ€Ñ‹Ñ… Ğ¿Ğ¾ÑĞ¾Ğ±Ğ¸Ğµ Ğ¿Ğ¾ Ğ±ĞµĞ·Ñ€Ğ°Ğ±Ğ¾Ñ‚Ğ¸Ñ†Ğµ Ğ¿Ğ¾Ğ»ÑƒÑ‡Ğ°ĞµÑ‚ÑÑ Ğ±Ğ¾Ğ»ÑŒÑˆĞµ, Ñ‡ĞµĞ¼ Ğ·Ğ°Ñ€Ğ¿Ğ»Ğ°Ñ‚Ğ° Ğ½Ğ° Ğ·Ğ°Ğ²Ğ¾Ğ´Ğµ. ĞĞµ Ğ²ÑĞµ Ğ±Ñ‹Ğ»Ğ¸ Ñ€Ğ°Ğ´Ñ‹ Ğ²ĞµÑ€Ğ½ÑƒÑ‚ÑŒÑÑ Ğ½Ğ°â€¦ https://t.co/UwVqE9LYIs ,
carpejulia, Thu Apr 23 17:41:30 +0000 2020,-122.274055,47.905972, @neilhimself An error message comes up when you click the link!!ğŸ˜¢ ,,,
Leakri, Thu Apr 23 17:41:30 +0000 2020,-120.583402,44.145437, @AmyMcGrathKY Thatâ€™s shyness we call him Moscow Mitch. We certainly canâ€™t call him American Mitch. REMEMBER VOTE BLUE NO MATTER WHO!!!!!!! ,,,
Desert_Goddess, Thu Apr 23 17:41:32 +0000 2020,-122.061771,47.678813, @FondOfBeetles @lymanstoneky @PublicDiscourse WA state high tech companies advised workers to work from home3/5 . Mâ€¦ https://t.co/RSIyDUtbNq ,,,
ladylex206, Thu Apr 23 17:41:33 +0000 2020,-122.330602,47.614817, Ayeeeee ,,,
pjg321, Thu Apr 23 17:41:35 +0000 2020,-122.164527,48.088757, Reminds of a coed raved over this groupA promising Hebrew Scripture scholar.Her daddy a music executiveSheâ€™d datâ€¦ https://t.co/zhHgBsVUoO ,,,
Doctor_Clark, Thu Apr 23 17:41:36 +0000 2020,-122.330602,47.614817, @febrarium â˜ºï¸ğŸ˜š ,,,
JonathanMHenson, Thu Apr 23 17:41:36 +0000 2020,-120.882482,47.273022, Something thatâ€™s always bothered me about the Star Wars universe. Ever notice that planets always seem to have a siâ€¦ https://t.co/qF7TrUTuuT ,,,
pdxali, Thu Apr 23 17:41:37 +0000 2020,-122.678249,45.518237, On a walk this morning and I spotted this cutie. ğŸ˜» @ Portland, Oregon https://t.co/gCYCRWZVrE ,,
LivDowling, Thu Apr 23 17:41:39 +0000 2020,-122.296489,47.442583, one good thing about having to wear masks in public is that I donâ€™t have to pretend to smile all the time when I donâ€™t want to ,,,
nikrox21, Thu Apr 23 17:41:40 +0000 2020,-119.908137,46.2585, @MrsBrandyVee Should it depend on what they did though? Or is it like people that would be getting out soon anyway?â€¦ https://t.co/k2Lf3TxLF7 ,,,
tommytewtone, Thu Apr 23 17:41:40 +0000 2020,-122.164527,48.088757, @seanhannity Doesnâ€™t hurt that he is an idiot. Donâ€™t need to hate him. ,,,
TonyPar36282257, Thu Apr 23 17:41:42 +0000 2020,-122.630908,45.536402, @ABC https://t.co/xnTPnQMyDu ,,,
successnow10081, Thu Apr 23 17:41:50 +0000 2020,-117.434547,47.667438, Sorry sweetheart for your loss I wish you and your family condolences. ,,,
SamanthaWillo13, Thu Apr 23 17:41:51 +0000 2020,-122.805579,45.484892, @markie_monroe @CaraRomanAuthor @Buzz_Cauldron @LibertyWaltz @TinaMoeder That's awesome Markie.. And we really do aâ€¦ https://t.co/1JMZU8B5k8 ,,,
nancychatter, Thu Apr 23 17:41:52 +0000 2020,-120.882482,47.273022, @anonbene5 @soledadobrien @vsansome except it sounds more like Trump ğŸ˜‚ ,,,
charellischeese, Thu Apr 23 17:41:55 +0000 2020,-123.321841,48.441454, Contest alert! Culture Magazine is showing support for small local businesses. You could win a free, one year subsâ€¦ https://t.co/3XTjTwG3Qf ,,
TonyPar36282257, Thu Apr 23 17:41:56 +0000 2020,-122.630908,45.536402, @ABC https://t.co/Nqr19I7DcZ ,,,
Wowchub1, Thu Apr 23 17:41:56 +0000 2020,-122.061771,47.678813, My OC's! ,,,
MyyOhhMike, Thu Apr 23 17:41:56 +0000 2020,-122.330602,47.614817, NFL draft day, I donâ€™t wanna see another Johnny Manziel ,,
AlexanderSohl1, Thu Apr 23 17:42:01 +0000 2020,-122.46088,47.447242, Whatâ€™s the percent chance you find what youâ€™re looking for in the drier on the first time? 0. The answer is 0.#goodmorning #everydaylife ,,,
ChiefManak, Thu Apr 23 17:42:02 +0000 2020,-123.358379,48.42673, @busdriverlife @camidlifecrisis @vicpdcanada Yes. You are absolutely correct. Illicit street drug prices have essenâ€¦ https://t.co/Xf306SxwlW ,,,
edemkumodzi, Thu Apr 23 17:42:03 +0000 2020,-122.061771,47.678813, @Ahomka_Ginger White paint??? ğŸ˜‚ğŸ˜‚ğŸ˜‚ you really played yourself ğŸ˜‚ğŸ˜‚ğŸ˜‚ğŸ˜‚ğŸ˜‚ğŸ˜‚ ,,,
djshoemaker, Thu Apr 23 17:42:03 +0000 2020,-122.630908,45.536402, @DeAnna4Congress @BarackObama STFU, MAGA hag ,,
cinnamon1945, Thu Apr 23 17:42:04 +0000 2020,-120.882482,47.273022, @ScottPresler we all need to get this pandemic and show how the democrats want and are taking control like communisâ€¦ https://t.co/FsmkFOQtm9 ,,,
vvalecillosg, Thu Apr 23 17:42:07 +0000 2020,-122.205946,47.773496, This is one of these days where I don't want to get out of bed ,,,
todd78012690, Thu Apr 23 17:42:10 +0000 2020,-120.882482,47.273022, @thesensualhub Oh my soooo sweeet!! ,,,
childishchris17, Thu Apr 23 17:42:11 +0000 2020,-120.005653,46.315174, Fell asleep last night as a simple man, woke up as a legend. ğŸ‘‘ğŸ¤§ https://t.co/TVoig97jUP ,,
TheGr8WhiteNig, Thu Apr 23 17:42:13 +0000 2020,-122.330602,47.614817, We doin our own thang now. ,,,
nikrox21, Thu Apr 23 17:42:16 +0000 2020,-119.908137,46.2585, @El3phant_7runk I love this very much â¤ï¸ ,,,
MichaelmPrince, Thu Apr 23 17:42:16 +0000 2020,-122.430277,48.753353, @TMobile @CBSThisMorning @AC360 ğŸ˜#ğ”ğ”„ğ”›ğ”šğ”ˆğ”ğ”ğŸ¦š https://t.co/bEws98nXjy ,,,
judyposton22, Thu Apr 23 17:42:17 +0000 2020,-122.330602,47.614817, Happy memories, happy tears... ,,
ahammTNT, Thu Apr 23 17:42:19 +0000 2020,-122.455344,47.24296, @AdiJoseph Yes. ,,,
marykblackburn, Thu Apr 23 17:42:19 +0000 2020,-120.882482,47.273022, @SanMateogirl11 You say youâ€™re a Christian. You say nasty things to someone who just lost a member of their family.â€¦ https://t.co/XdTc3Ld21Z ,,,
chuyv11, Thu Apr 23 17:42:20 +0000 2020,-119.279662,46.258178, @dezz1310 @melvxo_ *still only gets 27 likes per pic*Jk dez hahaha ,,,
BMeece92, Thu Apr 23 17:42:20 +0000 2020,-122.274055,47.905972, ğŸ¯ğŸ¯ğŸ¯ ,,,
camillamillav, Thu Apr 23 17:42:21 +0000 2020,-122.630908,45.536402, ğŸ™ƒğŸ™ƒğŸ™ƒ ,,,
todd78012690, Thu Apr 23 17:42:22 +0000 2020,-120.882482,47.273022, @thesensualhub Can i play too?? Plz ,,,
Bill12861, Thu Apr 23 17:42:22 +0000 2020,-122.805579,45.484892, @bfbuschi Not to mention if Michelle Obama decided to except being on the ticket then we would see a total unhingedâ€¦ https://t.co/Rh2M5TMYgD ,,,
MaamDott1, Thu Apr 23 17:42:28 +0000 2020,-122.630908,45.536402, @Datgreatnigga I have God and my mother so Iâ€™ll take 1mil for the win ,,,
MurdaMan09, Thu Apr 23 17:42:31 +0000 2020,-122.551856,47.111487, @AstonGryffynn @paying_off @xboxBG Whatâ€™s NT and GoT? Ninja Theory? Idk what it is. ,,,
DisneyDiamonds1, Thu Apr 23 17:42:32 +0000 2020,-122.178297,47.325447, @scottiepipm She said a arrest me so that's what he did he arrested her! ,,,
Macabre_Kitty, Thu Apr 23 17:42:33 +0000 2020,-122.633393,45.738279, @TisMeKae ğŸ’™ğŸ’™ğŸ’™ğŸ’™ğŸ’™ğŸ’™ ,,,
drpynz, Thu Apr 23 17:42:34 +0000 2020,-122.804726,45.50471, @CryptoHelix Thanks! ,,,
ottrthrob, Thu Apr 23 17:42:35 +0000 2020,-122.630908,45.536402, @chrisjosephxxx ğŸ‘ğŸ¼ğŸ˜˜ ,,,
vanityanthony, Thu Apr 23 17:42:36 +0000 2020,-122.588975,45.630589, the only man I need jk someone plz love me and give me the sex sometimes xoxo https://t.co/98bC4cpzu4 ,,,
BurniteKerry, Thu Apr 23 17:42:36 +0000 2020,-122.280014,47.469552, @funder If they arenâ€™t dropping ppe. They can stay away ,,,
TonyPar36282257, Thu Apr 23 17:42:37 +0000 2020,-122.630908,45.536402, @petewentz @SiriusXMHits1 @SIRIUSXM https://t.co/08DUPS7F7G ,,,
williehonolulu, Thu Apr 23 17:42:39 +0000 2020,-122.218075,47.392311, @MANDlRlGMA Colonizerâ€™s greed idolize man-made currency meanwhile destroying our home and the species living in it. ,,,
platinumchennel, Thu Apr 23 17:42:40 +0000 2020,-122.330602,47.614817, lunch walk: https://t.co/TClSNDZsMs ,,,
cptpartytits, Thu Apr 23 17:42:40 +0000 2020,-122.630908,45.536402, @unspiredprod Yeah the sanitation part of this whole thing really bothers me as well. Sex is messy after all. I reaâ€¦ https://t.co/33V7uTl94c ,,,
childishchris17, Thu Apr 23 17:42:40 +0000 2020,-120.005653,46.315174, Fell asleep last night as a simple man, woke up as a legend. ğŸ‘‘ğŸ¤§ https://t.co/nAhVCCTy1c ,,
woollybeanie, Thu Apr 23 17:42:41 +0000 2020,-122.630908,45.536402, I mean..... ğŸ¤·ğŸ¾â€â™‚ï¸ https://t.co/C5Svg0GYqV ,,,
kaidupe, Thu Apr 23 17:42:42 +0000 2020,-122.061771,47.678813, Hanging out in Capetown in 2003 #throwbackthursday ,,,
josambro, Thu Apr 23 17:42:42 +0000 2020,-122.630908,45.536402, Saving to read later #taiwan #baseball ,,,
Waterdog96761, Thu Apr 23 17:42:42 +0000 2020,-117.434547,47.667438, https://t.co/oxG5hKrq5c ,,,
allyct1200, Thu Apr 23 17:42:42 +0000 2020,-120.583402,44.145437, @MakeupByJxb Everytime I see your photos, Iâ€™m so fucking weird for this, I admire your hair. How the fuck and why tâ€¦ https://t.co/E2DAkvR90y ,
irishmancalahan, Thu Apr 23 17:42:45 +0000 2020,-122.330602,47.614817, @JoshHortonEDH @WHLsilvertips @EverettAquaSox Sorry man, they are losing a real talent. I look forward to reading yâ€¦ https://t.co/b8KLGFr4xc ,,
BournePoly11, Thu Apr 23 17:42:47 +0000 2020,-120.882482,47.273022, Coach Kyle is the best! who yâ€™all think we drafting? I think @__RUGGS ğŸ‘€ ,,,
m_northwest991, Thu Apr 23 17:42:51 +0000 2020,-120.52976,46.594223, @Patriots I knew we wouldnt show our WAR ROOM until were on the clock hahaha ,,,
edemkumodzi, Thu Apr 23 17:42:51 +0000 2020,-122.061771,47.678813, @OleleSalvador I was just about to ask how did the police get there so quickly. ,,,
ZachWallsTV, Thu Apr 23 17:42:52 +0000 2020,-117.434547,47.667438, Another ğŸ…±ï¸orey ğŸ…±ï¸ispert Alert ,,,
IanSymmonds, Thu Apr 23 17:42:54 +0000 2020,-122.739045,45.466599, What We Can Learn From Tennis About COVID-19 Strategy   https://t.co/sLrOCjLAJA ,,,
djshoemaker, Thu Apr 23 17:42:56 +0000 2020,-122.630908,45.536402, @DeAnna4Congress Soulless? Grow the fuck up ,,,
JamieBoudreau, Thu Apr 23 17:42:56 +0000 2020,-122.330602,47.614817, Listening to Etta James stutter stream in an empty bar feels strangely apocalyptic. Iâ€™m talking BioShock levels of eeriness... ,,,
cptpartytits, Thu Apr 23 17:42:56 +0000 2020,-122.630908,45.536402, @unspiredprod Thank you ğŸ˜ŠğŸ™ğŸ¼ ,,,
KatSimsElderkin, Thu Apr 23 17:43:01 +0000 2020,-122.330602,47.614817, @HutchinsMatt I had a grilled cheese for breakfast yesterday. It was clear early on that the day was gonna be tough. ,,,
todd78012690, Thu Apr 23 17:42:58 +0000 2020,-120.882482,47.273022, @thesensualhub You are sooooo sweeeet!! ,,,
MinusPeach, Thu Apr 23 17:43:02 +0000 2020,-122.330602,47.614817, I havenâ€™t been on a bus in months because of covid. Iâ€™m really excited to have to go to Ballard today and have to take a bus. ,,,
ivyalice79, Thu Apr 23 17:43:03 +0000 2020,-117.434547,47.667438, Trump 2020 ,,,
la_kops, Thu Apr 23 17:43:03 +0000 2020,-122.630908,45.536402, @tnicholsmd And PAs and NPs and midwives!! ,,,
JohnBathurst1, Thu Apr 23 17:43:04 +0000 2020,-122.330602,47.614817, @AngelGotti5 Ah-oh. I love to watch both back to back, am I safe or am I going to be buried via corona, simply becaâ€¦ https://t.co/FUcedQshVG ,
ReynoldsforUs, Thu Apr 23 17:43:05 +0000 2020,-122.630908,45.536402, @Nikiley It's the Willamette week endorsement interview, I'm pretty sure they publish those, but no idea when that is. ,
bergstrom_brian, Thu Apr 23 17:43:07 +0000 2020,-122.300129,47.827984, @kurtricketts @AaronQ13Fox @GovInslee How he is choosing to deal with it is killing this state.  â€œSelf destructionâ€â€¦ https://t.co/IxhsLEIUZd ,,,
CosmicCactusKnG, Thu Apr 23 17:43:09 +0000 2020,-122.149768,47.597856, When I meet people who say they love animal Collective but they really fuck with the early shit only I know how weiâ€¦ https://t.co/cUtIlhiZKT ,,,
ahammTNT, Thu Apr 23 17:43:10 +0000 2020,-122.455344,47.24296, https://t.co/NvOtmEfgJd ,,,
DrJeckyll981, Thu Apr 23 17:43:14 +0000 2020,-120.882482,47.273022, So, Just once on the @PriceIsRight I'd like to see:Bob Brown come on down!Jim Johnson come on down!Dave Jones coâ€¦ https://t.co/gjY1HdIRtT ,,
grnba11, Thu Apr 23 17:43:15 +0000 2020,-120.583402,44.145437, @atrupar @VossLily https://t.co/RA3HGtWGXN ,,,
UppityBi, Thu Apr 23 17:43:17 +0000 2020,-122.330602,47.614817, @tjklune Oh the things I want to say. ,,,
mandiringgmedia, Thu Apr 23 17:43:17 +0000 2020,-122.34113,47.606394, Little gloomy out this morning, but not too cold with a few breaks of rain. â˜‚ï¸ #seattle @ClaireKIRO7â€¦ https://t.co/eHvgQTbNCN ,,
usillee, Thu Apr 23 17:43:19 +0000 2020,-122.406729,47.580989, So much music to organize. ğŸ˜‚ @ Alki Beach Park https://t.co/62bACwsY4p ,,,
Bill12861, Thu Apr 23 17:43:20 +0000 2020,-122.805579,45.484892, @mdnij34 Yep.. ,,,
ottrthrob, Thu Apr 23 17:43:25 +0000 2020,-122.630908,45.536402, @anthoni_hardie Cause youâ€™re so polite about it. ,,,
ScubaSteve_33, Thu Apr 23 17:43:30 +0000 2020,-117.282735,47.649746, @funkyfresh303 ğŸ˜‚ğŸ˜‚ ,,,
TonyPar36282257, Thu Apr 23 17:43:32 +0000 2020,-122.630908,45.536402, @petewentz @Spotify This is State Farm's attorney they wanted sex for money and my secretary got paid. Daniel Crossâ€¦ https://t.co/SLxxoNU03z ,,,
MurdaMan09, Thu Apr 23 17:43:35 +0000 2020,-122.551856,47.111487, More from #ControlRemedy @ControlRemedy https://t.co/sZkLp4xDuB ,,,
PSRVolleyball, Thu Apr 23 17:43:41 +0000 2020,-122.33729,48.168243, If your club is doing any virtual activities, hereâ€™s the wavier for your parent or guardian to give the OK!â€¦ https://t.co/6QoMEsImDk ,,
jjerm, Thu Apr 23 17:43:43 +0000 2020,-122.330602,47.614817, @jordansnaval Lol yeah Iâ€™ll be on after I workout today. Probably 630ish ,,,
lauren_nelander, Thu Apr 23 17:43:44 +0000 2020,-122.669236,47.561802, Ugh @braggster253 our types ğŸ˜‚ ,,,
peachsub2, Thu Apr 23 17:43:46 +0000 2020,-122.630908,45.536402, Miley Cyrus inspires me with her  self expression ,,,
ottrthrob, Thu Apr 23 17:43:46 +0000 2020,-122.630908,45.536402, @GoYanks0516 @GuyBoneXXX @Rampant_One Thanks boo ğŸ˜˜ğŸ˜˜ ,,,
vanityanthony, Thu Apr 23 17:43:46 +0000 2020,-122.588975,45.630589, I made a bomb breakfast, someone wife me up https://t.co/YxjQQSvHY8 ,,
BluprintSa, Thu Apr 23 17:43:52 +0000 2020,-122.678249,45.518237, BSA Article: The RiverThere was a man lost in the forest. He was hungry and thirsty and could not find any food. Sâ€¦ https://t.co/EpsIMnXUpr ,,,
josambro, Thu Apr 23 17:43:54 +0000 2020,-122.630908,45.536402, @Andy_Murdock Yeah, I could see scrub jays and crows getting together, sort of an avian project mayhem. ,
sudharun49, Thu Apr 23 17:43:56 +0000 2020,-122.061771,47.678813, #NewProfilePic#Daughter ğŸ˜˜ https://t.co/gP7gzKifqp ,,,
KathySolberg, Thu Apr 23 17:43:57 +0000 2020,-117.247875,47.630038, @LynnWakeford @rexthetvterrier ğŸ˜‚âœŒ ,,,
owlsrcute, Thu Apr 23 17:43:59 +0000 2020,-122.330602,47.614817, Like freakin a real life ğŸ….#lovemesomeMarshawn ,,,
pdxpolicelog, Thu Apr 23 17:44:02 +0000 2020,-122.579047,45.468659, SUSPICIOUS SUBJ, VEH, OR CIRCUMSTANCE at SE 82ND AVE / SE FLAVEL ST, PORT [Portland Police #PP20000132042] 10:12 #pdx911 
pdxpolicelog, Thu Apr 23 17:44:02 +0000 2020,-122.557006,45.480853, UNWANTED PERSON at 5700 SE 103RD AVE, PORT [Portland Police #PP20000132015] 10:07 #pdx911 ,,
Billy_Purcell, Thu Apr 23 17:44:04 +0000 2020,-122.635672,45.415885, GOLD ğŸ‘ğŸ¼ğŸ‘ğŸ¼ ,,,
GuiColomb, Thu Apr 23 17:44:04 +0000 2020,-122.227256,47.720553, Finding myself quoting Yoda to my kids... #Homeschool https://t.co/cusb0VPNg2 ,,,
allyct1200, Thu Apr 23 17:44:04 +0000 2020,-120.583402,44.145437, @AMommy91 Your liner is always goals ğŸ˜­ğŸ˜­ğŸ˜­ ,,,
ErikaLynnSEA, Thu Apr 23 17:44:05 +0000 2020,-122.330602,47.614817, @godawgs4 Fair point, but damn was I enjoying soaking up the rays on my balcony... ,,
Bill12861, Thu Apr 23 17:44:06 +0000 2020,-122.805579,45.484892, @ThePubliusUSA https://t.co/y0rE3biZai ,,,
crimsonmays, Thu Apr 23 17:44:06 +0000 2020,-122.330602,47.614817, @Weinbergrrrrr Be the change you want to see in the world? ,,,
todd78012690, Thu Apr 23 17:44:11 +0000 2020,-120.882482,47.273022, @thesensualhub Soop sooo nummy ,,,
drjootz, Thu Apr 23 17:44:11 +0000 2020,-122.630908,45.536402, IL-1-alpha and beta: Proinflammatory. Beta induces upreg or leukocyte adhesion molecules, induce fever, acute phaseâ€¦ https://t.co/U3Vxo10R9L ,
tommytewtone, Thu Apr 23 17:44:13 +0000 2020,-122.164527,48.088757, @JonahDispatch You could almost feel sorry for him. Almost ,,,
RamseyJanna, Thu Apr 23 17:44:16 +0000 2020,-122.548048,45.781504, @KATUNews I support anything that will keep us alive. ,,,
workwithflux, Thu Apr 23 17:44:16 +0000 2020,-122.676482,45.523062, Portland, OR, have you heard the news? Flux is hiring in your city. Apply today! https://t.co/KHVQs66HUv #SkilledTrade #WorkwithFlux ,
DancesWithRain, Thu Apr 23 17:44:21 +0000 2020,-122.330602,47.614817, I can't  ... LOL ,,,
housedofficial, Thu Apr 23 17:44:21 +0000 2020,-120.52976,46.594223, ğŸ’€ ,,,
tmj_WAT_NURSING, Thu Apr 23 17:44:26 +0000 2020,-122.518458,47.171765, Join the Catholic Health Initiatives team! See our latest #Nursing job openings," including ""RN Emergency""", via theâ€¦ https://t.co/rLSPQaAGhd ,
sharethecities, Thu Apr 23 17:44:27 +0000 2020,-122.330602,47.614817, Did you know @AfricatownSEA has their own media channelâ€” check out their streams on Facebook â€” https://t.co/DJgZavCilq ,,,
DaveHuck, Thu Apr 23 17:44:31 +0000 2020,-122.420772,45.604414, @dbarber457 @RoundTablePizza You can have both the best original crust and the best stuffed crust pizzas at the same time. ;) ,,,
m_northwest991, Thu Apr 23 17:44:33 +0000 2020,-120.52976,46.594223, DRAFT DAY ! #LFG @Patriots https://t.co/123HFzWXSP ,,,
FridaKmusic, Thu Apr 23 17:44:33 +0000 2020,-122.330602,47.614817, Gm! Im drinking coffee w my gf, smoking a bowl, took our immunity shots and purely vibinâœ¨ğŸ’›ğŸŒˆ ,
beastard49, Thu Apr 23 17:44:38 +0000 2020,-120.882482,47.273022, https://t.co/UoDIe0tQ2f ,,,
ladylex206, Thu Apr 23 17:44:42 +0000 2020,-122.330602,47.614817, OH MY GOD whyyyy was the damn handle out?!? ,,,
timothyharding, Thu Apr 23 17:44:43 +0000 2020,-122.074875,47.743503, @realTuckFrumper h/t Trevor Noah TDS https://t.co/GeIA9ASF4w ,,,
Delaney66666666, Thu Apr 23 17:44:44 +0000 2020,-121.494076,45.731355, @MorrisBartLLC yes morris go off ,,,
hectorperezjr, Thu Apr 23 17:44:48 +0000 2020,-122.330602,47.614817, @SisoNtuli https://t.co/xXbAh5woIT ,,,
tmj_sea_health, Thu Apr 23 17:44:48 +0000 2020,-122.311262,47.596891, Want to work at DESC? We're hiring in Seattle, WA! Click for details: https://t.co/jYrvkPdoet #LoveNurses #Psychiatric ,,
superchad73, Thu Apr 23 17:44:49 +0000 2020,-120.882482,47.273022, @bitchinbubba I love that view ,,,
choosen_tha, Thu Apr 23 17:44:56 +0000 2020,-120.882482,47.273022, @MsKegelVee Them yellow go ,,,
allyct1200, Thu Apr 23 17:44:58 +0000 2020,-120.583402,44.145437, @AMommy91 Why do all your looks always slap ğŸ˜­ğŸ˜­ğŸ˜­ youâ€™re so good. Goals all around tbh. Iâ€™m still slowly learning ğŸ‘ ,,,
MilesKISW, Thu Apr 23 17:45:01 +0000 2020,-122.330602,47.614817, @OnAirJustin @RealmofHelm They are open Friday and Saturday for take out.  Just add some chocolate powder to it ,,,
QuakesToday, Thu Apr 23 17:45:04 +0000 2020,-122.054,47.854, 1.7 magnitude #earthquake. 3 km from #Cathcart, WA, #UnitedStates https://t.co/IsKY964A94 ,
m_jouravleva, Thu Apr 23 17:45:05 +0000 2020,-122.330602,47.614817, @darbyaono @alittleleader One thing I noticed from law school is that many professors either had never worked withâ€¦ https://t.co/qx3EB50tB7 ,,,
todd78012690, Thu Apr 23 17:45:07 +0000 2020,-120.882482,47.273022, @thesensualhub Jus sayin ,,,
markfromhalsey, Thu Apr 23 17:45:08 +0000 2020,-120.583402,44.145437, @Rasmin2011 FULL OF SHIT! DIAGNOSIS CONFIRMED!! GOOD ONE!!ğŸ¤­ https://t.co/z4uYRvX8ir ,,,
SuzyVanderhoosy, Thu Apr 23 17:45:09 +0000 2020,-120.882482,47.273022, @ShaykhAzhar ğŸ˜‚ğŸ˜‚ ,,,
Davin_R, Thu Apr 23 17:45:09 +0000 2020,-122.669236,47.561802, @TheREALSinapi Good point, only one of the four apply ,,
jeffwatkins, Thu Apr 23 17:45:09 +0000 2020,-122.334377,47.658804, @ekurutepe @VanMoof Yeah, but that looks like a cool bike! ,,
allyct1200, Thu Apr 23 17:45:10 +0000 2020,-120.583402,44.145437, @Cenzington Awhhh thank you love ğŸ’–ğŸ’–ğŸ’– ,,,
ClwalterConnie, Thu Apr 23 17:45:12 +0000 2020,-120.583402,44.145437, @KATUNews No this virus will always be around like SARS and the flu. We did what was asked and slowed the spread doâ€¦ https://t.co/tNWXQc9CGk ,,,
breannabah, Thu Apr 23 17:45:13 +0000 2020,-122.588975,45.630589, my cravings for anything sweet has increased so much this last trimester.. i want fruit, muffins, cinnamon rolls..â€¦ https://t.co/ezr5dWg88Z ,
westernbud, Thu Apr 23 17:45:15 +0000 2020,-122.430277,48.753353, Does anyone else like to get creative with their #edibles? These balanced 1:1 CBD and THC chocolates byâ€¦ https://t.co/YAp4Ypb3NN ,,,
djshoemaker, Thu Apr 23 17:45:18 +0000 2020,-122.630908,45.536402, @HeidiLynn_net @ro_shizzle @DeAnna4Congress @BarackObama @realDonaldTrump Hahahahahahahaha. Good one. Nope ,,,
Heather_3000, Thu Apr 23 17:45:19 +0000 2020,-122.430277,48.753353, @rexthetvterrier https://t.co/TU4LfXRqOz ,,,
UppityBi, Thu Apr 23 17:45:24 +0000 2020,-122.330602,47.614817, @terrapin_sf Thank cod. I thought I was going to have to cut you! ğŸ˜ ,,,
todd78012690, Thu Apr 23 17:45:26 +0000 2020,-120.882482,47.273022, @thesensualhub My oh my!! ,,,
Cole_Ridley, Thu Apr 23 17:45:28 +0000 2020,-120.882482,47.273022, PLEASE LORD #BarÃ§aTransfers https://t.co/CqKVntc0mU ,,,
BrianDKeiper, Thu Apr 23 17:45:31 +0000 2020,-122.296281,47.119286, Great story! ğŸ‘‡ ,,,
TonyPar36282257, Thu Apr 23 17:45:31 +0000 2020,-122.630908,45.536402, @ABC hello my secretary Nathaniel cross had anal and oral sex with State Farms ,,,
Dustin206, Thu Apr 23 17:45:31 +0000 2020,-122.330602,47.614817, @_marriedtobacon More like lusty holt amiright ,,,
justmedrd, Thu Apr 23 17:45:34 +0000 2020,-122.588975,45.630589, Bailout to the blue states. Offended by this, well the truth fucking hurts doesn't it. ,,
allyct1200, Thu Apr 23 17:45:34 +0000 2020,-120.583402,44.145437, @BlendBeast The glow is real! I love this! So simple, yet a beautiful photo. ,,
sonnnyofficial, Thu Apr 23 17:45:40 +0000 2020,-122.588975,45.630589, ICPâ€™s always been woke ,,,
superchad73, Thu Apr 23 17:45:41 +0000 2020,-120.882482,47.273022, @KATUNews Yes it is. We don't need it to get worse like it did in New York. ,,,
everyEarthquake, Thu Apr 23 17:45:48 +0000 2020,-122.054337,47.854, USGS reports a M1.73000002 #earthquake 3km ENE of Cathcart, Washington on 4/23/20 @ 17:40:08 UTC https://t.co/sVY9Nr0hQw #quake ,,
HoHo23, Thu Apr 23 17:45:50 +0000 2020,-122.337094,47.629402, Excited for the draft tonight. Will be happy with either QB if we go that route, but please take Tua. #NFLDraft2020 ,,
leslielew, Thu Apr 23 17:45:52 +0000 2020,-122.630908,45.536402, Bros exit the C-suite ,,,
JasmineArment, Thu Apr 23 17:45:52 +0000 2020,-120.583402,44.145437, did i really just buy a bunch of art supplies bc @kaylacarlileart inspires me? UH HELL YEAH https://t.co/Ln67C8iqO2 ,,,
simpsonplumbing, Thu Apr 23 17:45:54 +0000 2020,-122.420772,45.604414, @BearPlumbing Nice work!! Thatâ€™s a lot do for just installing a water heater ğŸ˜… Why did they want to change to a power vent? ,,,
UMADBRO2587, Thu Apr 23 17:45:54 +0000 2020,-122.194398,47.481598, Not a shocker here but @senatemajldr is total clueless dumbass and has no clue what he's doing and is completely toâ€¦ https://t.co/JZMHmEfntZ ,,,
allyct1200, Thu Apr 23 17:45:54 +0000 2020,-120.583402,44.145437, @AMommy91 Of course ğŸ˜­ğŸ˜ğŸ’–ğŸ’–ğŸ’– ,,,
tubes33, Thu Apr 23 17:46:04 +0000 2020,-120.882482,47.273022, @BCLions @CFL @VancityReynolds @theweeknd @Nickelback @ShaniaTwain @RachelAMcAdams \ ,,,
goldencr, Thu Apr 23 17:46:05 +0000 2020,-122.678249,45.518237, When you miss the @mls @timbersfc so you create merch to wear in animalcrossingnh to rep your team duringâ€¦ https://t.co/pzrbxCKqB9 ,,,
KlatuBaradaNiko, Thu Apr 23 17:46:06 +0000 2020,-122.923516,47.064528, @FNovelsO @COccupants79 @ComesAnnemarie @SunIslandMusic @Tagoli2 @1tru_surviva @lifesanattitude @ledrew @CalzoVickyâ€¦ https://t.co/aiCbCUMS96 ,,,
Pablohanson, Thu Apr 23 17:46:06 +0000 2020,-123.358379,48.42673, @TMMGuerrero @RJMersereau Ummm NO!!! .What European cities are you comparing Vic and Van to.  Certainly not any major city in Europe. ,,,
PapaBuccs, Thu Apr 23 17:46:06 +0000 2020,-120.583402,44.145437, @LooseCannonsTB Plowing the Oregon landscape waiting for the Virtual Draft Party to start!!!! #EssentialWorkers #GoBucs #farmlife ,,,
nikrox21, Thu Apr 23 17:46:08 +0000 2020,-119.908137,46.2585, Fey ğŸ’ğŸ½â€â™€ï¸ ,,,
drjootz, Thu Apr 23 17:46:08 +0000 2020,-122.630908,45.536402, Convalescent plasma: 2 meta-analyses did not reveal sig harm. Now FDA eIND program thru Mayo Clinic w American  Red Cross. ,,,
ImTheUs3r, Thu Apr 23 17:46:08 +0000 2020,-122.330602,47.614817, @AKempAuthor John mulaney all day ,,,
WS_Klass, Thu Apr 23 17:46:09 +0000 2020,-123.886,46.9803, PSA Meat Seasoning #adulthumor #funny #coupleshumor #psa @ Hoquiam, Washington https://t.co/PNlIe1vKuB ,,
PUSSYRlOT, Thu Apr 23 17:46:09 +0000 2020,-122.330602,47.614817, Halloween is probably the best horror franchise of all time tbh :1) ,,,
TerraBlanca, Thu Apr 23 17:46:10 +0000 2020,-119.46834,46.264244, Tonight's Dinner for Two ($60)!- Stuffed Chicken in a tomato-vodka cream sauce- Wedge Salad- Garlic &amp; Parmesanâ€¦ https://t.co/yqDFcVtw8x ,,,
EvansRankings, Thu Apr 23 17:46:13 +0000 2020,-119.17594,46.199292, @JoshHortonEDH @WHLsilvertips @EverettAquaSox That sucks Josh. Thank you for all of your great work. ,,,
dilletaunt, Thu Apr 23 17:46:15 +0000 2020,-122.133816,47.570353, @BalenciLaLa Where can purchase this magnificent piece? ,,,
TonyPar36282257, Thu Apr 23 17:46:16 +0000 2020,-122.630908,45.536402, https://t.co/lMW6U45H5P ,,,
from_online_, Thu Apr 23 17:46:17 +0000 2020,-122.330602,47.614817, @fantasyluv_ :))))) ,,,
msalofstrand, Thu Apr 23 17:46:18 +0000 2020,-122.330602,47.614817, My reaction when @BBCPM told us that we might be seeing several years of much less physical contact... https://t.co/WeDTPcHZUk ,,,
RyanDDowns, Thu Apr 23 17:46:21 +0000 2020,-114.143262,45.494552, In Love With The 80's (Pink Tux To The Prom) by @RelientK https://t.co/ioZBp3ulRb@effectradio/#ryanddowns ,,,
beastard49, Thu Apr 23 17:46:23 +0000 2020,-120.882482,47.273022, @BobHepburn @TorontoStar https://t.co/VT1F6oDEPU ,,,
ottrthrob, Thu Apr 23 17:46:23 +0000 2020,-122.630908,45.536402, @adamsurgexxx Iâ€™m not happy about it either. ,,,
allyct1200, Thu Apr 23 17:46:24 +0000 2020,-120.583402,44.145437, @Ayo_Vickery I love these!! Thank you ğŸ’– ,,,
Yhung4Kash, Thu Apr 23 17:46:25 +0000 2020,-122.678249,45.518237, Ride for those with you stand for those behind you a real mutha fucka takes care of shit( thatâ€™s real) ğŸ’¯ğŸ’¯â€¼ï¸ @ Portlâ€¦ https://t.co/bg25gHerba ,,,
Sai_BharatA, Thu Apr 23 17:46:29 +0000 2020,-122.218075,47.392311, Such a genuine human this guy! ğŸ‘ğŸ» #BetheREALMAN ,,,
saysthegirl, Thu Apr 23 17:46:32 +0000 2020,-122.284264,47.176459, @SilencedHippie Ah, yeah. I see it now. I hadnâ€™t yet when I asked which one you wanted. Well shoot girl ğŸ˜… I guess fâ€¦ https://t.co/UDkkSJKpkD ,,
tmj_idp_health, Thu Apr 23 17:46:36 +0000 2020,-117.371997,47.65687, This Clinical job might be a great fit for you. Click the link in our bio to see it and more. LPN Licensed Practicaâ€¦ https://t.co/6Y9B9qPoAK ,,,
djshoemaker, Thu Apr 23 17:46:37 +0000 2020,-122.630908,45.536402, @HeidiLynn_net @JT_Whitefeather Idiocy prevails. Trickle down stupidity ,,,
MoDubs11, Thu Apr 23 17:46:42 +0000 2020,-122.330602,47.614817, @_ptierney Such a good boi ,,,
hannamay97, Thu Apr 23 17:46:45 +0000 2020,-120.583402,44.145437, is this pawnee, indiana? thatâ€™s the only place idiots like this get to live ,,
angele42660458, Thu Apr 23 17:46:46 +0000 2020,-123.754776,48.621596, https://t.co/bcVwzQUNXy ,,,
vivianpvo, Thu Apr 23 17:46:49 +0000 2020,-122.455344,47.24296, I hate how small WA is. Get me outta here ASAP. ,,,
rlbacchus, Thu Apr 23 17:46:52 +0000 2020,-123.319082,48.760611, ğŸ‘€ ,,,
marciefm, Thu Apr 23 17:46:56 +0000 2020,-122.3308,47.6046, Daily Logo Challenge #19 Kangaroo Logo. Personally found this to be a tough design challenge because kangaroos ğŸ¦˜ haâ€¦ https://t.co/ahOkCjza1C ,,,
Macabre_Kitty, Thu Apr 23 17:46:57 +0000 2020,-122.633393,45.738279, @TisMeKae I'm so sorry..ğŸ˜­ğŸ˜­ğŸ˜­ğŸ˜­ğŸ’œğŸ’œğŸ’œğŸ’œğŸ’œğŸ’œğŸ’œğŸ’œğŸ’œğŸ’œ ,,,
MalwareMinigun, Thu Apr 23 17:46:57 +0000 2020,-122.061771,47.678813, Hahaha https://t.co/89ios2TKyb ,,,
pdxpolicelog, Thu Apr 23 17:47:01 +0000 2020,-122.654688,45.512927, TRIMET INCIDENT - PRIORITY at SE 11TH AVE / SE MADISON ST, PORT [Portland Police #PP20000132061] 10:30 #pdx911 ,,
CompellaSearch, Thu Apr 23 17:46:57 +0000 2020,-122.149768,47.597856, @richard_beck @philosophybites Agree!! ,,,
Zack_monaghan, Thu Apr 23 17:47:04 +0000 2020,-122.805579,45.484892, Just wake and baked come hang out!!! Drop a follow! https://t.co/bl4Hy3TgHZ#WakeAndBake #stoner #streamâ€¦ https://t.co/BMqahT6IHW ,,,
alexisnotalexa, Thu Apr 23 17:47:06 +0000 2020,-122.330602,47.614817, https://t.co/JVVO4o1zGu ,,,
dilletaunt, Thu Apr 23 17:47:07 +0000 2020,-122.133816,47.570353, Bob Fâ€™N Sapp. #PurpleReign ,,,
legabriellee, Thu Apr 23 17:47:14 +0000 2020,-122.330602,47.614817, Eu to com um desejo de couve manteiga sos onde que acha isso aqui em Seattle? A Kale q eu conheÃ§o nao Ã© a mesma coisa ,,,
from_online_, Thu Apr 23 17:47:16 +0000 2020,-122.330602,47.614817, @_real_Dominic god i wish that were me ,,,
SquiresPDX, Thu Apr 23 17:47:02 +0000 2020,-122.640722,45.436848, #adventuresinmentoring So my PPS Teen Parent Services Program team is finally getting on board with dressing up forâ€¦ https://t.co/QEdneRjuGe ,,,
allyct1200, Thu Apr 23 17:47:23 +0000 2020,-120.583402,44.145437, @mechanicalmia Iâ€™m terrified to go heavy on black for an eye look. I can blend it for shit, and I canâ€™t even do a Sâ€¦ https://t.co/KPgZJ5wSgC ,,
DianaRosengard, Thu Apr 23 17:47:26 +0000 2020,-122.824936,45.859057, This morning I almost got run down by a guy jogging while pushing a stroller with his uncovered coffee mug sittingâ€¦ https://t.co/XZKcpvI3oH ,,,
hiphopking43, Thu Apr 23 17:47:29 +0000 2020,-122.330602,47.614817, I'm thinking about doing the Fantasy A Loves Me clothing line  fashion show in 2021 until the virus is gone! What do y'all think??? ,,,
craay_shy, Thu Apr 23 17:47:30 +0000 2020,-119.17594,46.199292, Am i overthinking or is my gut trying to tell me something ,,,
ManuelVeth, Thu Apr 23 17:47:35 +0000 2020,-123.307027,48.42948, @dwbakke @ftamsut @TheAllMarsh @dw_sports 18 months is optimistic. No vaccine has ever been developed in under fourâ€¦ https://t.co/z4gaO2lv2Z ,,,
jordantrichards, Thu Apr 23 17:47:42 +0000 2020,-122.330602,47.614817, my quarantine has developed into buying a roomba and becoming best friends with it ,,,
Aurona47, Thu Apr 23 17:47:44 +0000 2020,-122.330602,47.614817, @robbystarbuck @JoeBiden Not worth my time. Blocked. ,,,
jaiden_mahoney, Thu Apr 23 17:47:51 +0000 2020,-120.583402,44.145437, @raepearl7 @autumn_drew Youâ€™re the cutest everğŸ’“ ,,,
dereklords, Thu Apr 23 17:47:53 +0000 2020,-122.630908,45.536402, Good call, Governor ,,
WhereDidJennyGo, Thu Apr 23 17:47:56 +0000 2020,-122.330602,47.614817, @vernors_is_cool Okay but if anyone reading this needs to open up a giant marathon of shitposting just take Brittâ€™sâ€¦ https://t.co/7mnZJGL4U8 ,,,
local_z33, Thu Apr 23 17:47:58 +0000 2020,-120.583402,44.145437, @Amalia___rose If people knew what we really do at homeğŸ˜‚ ,,,
StanwoodDolph, Thu Apr 23 17:47:59 +0000 2020,-122.330602,47.614817, Cry â€œgod for Harry, England and st George!â€#StGeorgesDay2020 ,,
Endorphine, Thu Apr 23 17:48:00 +0000 2020,-122.057569,47.333512, Hannahâ€™s House 2020 @ Kentlake Highlands https://t.co/Vo3HvpYzpX ,,,
bl8runner, Thu Apr 23 17:48:01 +0000 2020,-122.630908,45.536402, @finnygo @realDonaldTrump @JuddPDeere45 Is SA considered to be a shithole country by Trump? Always hard to keep things straight. ,,,
pdxfirelog, Thu Apr 23 17:48:01 +0000 2020,-122.685933,45.499693, ALMCOM - MONITORED COMMERCIAL FIRE ALARM at 3200 SW PAVILION LOOP, PORT [Portland Fire #RP20000033079] 10:41 #pdx911 ,,
tessvanstraaten, Thu Apr 23 17:48:02 +0000 2020,-123.307027,48.42948, @robbarcruises Love it! ,,,
pdxpolicelog, Thu Apr 23 17:48:02 +0000 2020,-122.574338,45.553949, ACCIDENT - HIT AND RUN - COLD at 8600 NE SANDY BLVD, PORT [Portland Police #PP20000132040] 10:21 #pdx911 ,,
benyarthur, Thu Apr 23 17:48:04 +0000 2020,-122.133816,47.570353, Not this again ğŸ˜’ ,,,
BbBubbz, Thu Apr 23 17:48:04 +0000 2020,-122.630908,45.536402, A choice was clearly made. https://t.co/t58qWeTdUy ,,,
allyct1200, Thu Apr 23 17:48:11 +0000 2020,-120.583402,44.145437, @kingkolbabe Thank you love! These are very pretty!!! ğŸ’–ğŸ’–ğŸ‘Œ ,,,
ChiefManak, Thu Apr 23 17:48:15 +0000 2020,-123.358379,48.42673, @oceanpixxy @busdriverlife @vicpdcanada That is true. Island Health is providing a safe supply to some in certain câ€¦ https://t.co/ecBNkiwipR ,,,
tmj_or_erdoc, Thu Apr 23 17:48:16 +0000 2020,-122.676482,45.523062," Have you ever had a role like ""Facility in OR Needs a Locums Emergency Medicine Physician""? What did you like mostâ€¦ https://t.co/Hl5xzzBFTn ",,,
tmj_wak_jobs, Thu Apr 23 17:48:17 +0000 2020,-117.46448,47.787237, Royal Park Health and Rehabilita... in #Spokane, WA is hiring! Explore opportunities near you and apply! https://t.co/dfSxMJwVcr #LPN ,,
rylyroberts, Thu Apr 23 17:48:18 +0000 2020,-122.588975,45.630589, @justintmank Welcome to my life as an Mac+ Advisor at ï£¿ ğŸ˜‚ ,,,
rackletang, Thu Apr 23 17:48:20 +0000 2020,-122.456389,47.263056, . @ Stadium District, Tacoma, Washington https://t.co/zpkAFnHagn ,
josambro, Thu Apr 23 17:48:22 +0000 2020,-122.630908,45.536402, @jim_whitford @lex6m I wouldnâ€™t be so sure of that... ,,,
milacram, Thu Apr 23 17:48:24 +0000 2020,-122.630908,45.536402, @TheSodamanLive @FaZeKay @YodaTime @Shaggyy_TV @caedonnie @StrikeMcgee @DocHoney_Badger @DarthHonor @TwitchMrWolfeâ€¦ https://t.co/SbxdzhMHg0 ,,,
chettybeanz, Thu Apr 23 17:48:26 +0000 2020,-122.330602,47.614817, @imeltedthesun You are alive and that is a great accomplishment. ğŸ’œ ,,,
cydruc, Thu Apr 23 17:48:28 +0000 2020,-120.882482,47.273022, @RealCandaceO @Taipan30 She is just a prop. Young impressionable will follow what she says cause they relate age wiâ€¦ https://t.co/Wx2pIcBaGK ,,,
Verbalsabre, Thu Apr 23 17:48:32 +0000 2020,-120.882482,47.273022, After extensive research while quarantined I have determined that Fraiser is the best sitcom of all time. ,,,
tmj_sea_labor, Thu Apr 23 17:48:36 +0000 2020,-122.301159,47.83469, Interested in a job in Lynnwood, WA? This could be a great fit. Click the link in our bio to apply: Carpet Cleaningâ€¦ https://t.co/XCKtE4GOK0 ,,
allyct1200, Thu Apr 23 17:48:50 +0000 2020,-120.583402,44.145437, @Ayo_Vickery Of course! I especially love character inspired looks! I love to see how everyone interest them to their face ğŸ’– ,,,
timothyharding, Thu Apr 23 17:48:50 +0000 2020,-122.074875,47.743503, About time! ,,,
LacamasMagazine, Thu Apr 23 17:48:52 +0000 2020,-122.420772,45.604414, This is a very important, and worthy endeavor. Please RT! @PapermakersArmy @KCFreshInc @Kingmohamed__ @timdotfoxâ€¦ https://t.co/oFZbQ5hNEo ,,
rorobaezz, Thu Apr 23 17:48:52 +0000 2020,-117.42836,47.745223, @canni_vincent OMG! These pictures are so bomb. Wonder who took em ğŸ¥° ,,,
gayle_nisbet, Thu Apr 23 17:48:54 +0000 2020,-122.330602,47.614817, @dine_2017 What!??? ,,,
kewe465, Thu Apr 23 17:48:54 +0000 2020,-122.630908,45.536402, @ewarren I am so sorry for your loss.  ğŸ’œ ,,,
DEA_Careers, Thu Apr 23 17:48:57 +0000 2020,-122.676482,45.523062, Want to work in #Portland, OR? View our latest opening: https://t.co/UvBnxWCrpR #Engineering ,,
m_jouravleva, Thu Apr 23 17:49:00 +0000 2020,-122.330602,47.614817, @jahgrey @darbyaono @_chismosa_ I'm so sorry this has been your experience, I totally believe it. I noticed my clieâ€¦ https://t.co/itH9WEic1T ,,
AndruEdwards, Thu Apr 23 17:49:00 +0000 2020,-122.192819,47.813016, My Amazon affiliate sales for the past 30 daysâ€¦I am not exaggerating when I say that 22% of this is bidets, and 9%â€¦ https://t.co/550MyZDN5G ,,
bl8runner, Thu Apr 23 17:49:03 +0000 2020,-122.630908,45.536402, @michpoligal @GovWhitmer Give em hell Whitmer. ,,,
MaamDott1, Thu Apr 23 17:49:04 +0000 2020,-122.630908,45.536402, @itzwhatevaj0e I get it. Watched it and enjoyed it ,,,
allyct1200, Thu Apr 23 17:49:04 +0000 2020,-120.583402,44.145437, @Ayo_Vickery Interprets* not interest lol ,,,
cptpartytits, Thu Apr 23 17:49:12 +0000 2020,-122.630908,45.536402, @xxx_amora I also will never do anything public..content or not. It makes me extremely uncomfortable and unable toâ€¦ https://t.co/hvF5F4pcjp ,,,
snaimed, Thu Apr 23 17:49:12 +0000 2020,-122.93553,45.530779, double trouble https://t.co/2RrjOr7NGY ,,,
PDX_Prep, Thu Apr 23 17:49:13 +0000 2020,-122.795782,45.533126, @drewdroege @bryansafi I found her recently as well, and â€œmildlyâ€ is very apt. If you want to watch the most adorabâ€¦ https://t.co/8HPcwIDHZv ,,
Jesse_Knight, Thu Apr 23 17:49:14 +0000 2020,-122.66335,45.41834, #Realestatetech #realestatetechnology #listings #digital #buildyourbrand #luxuryhomes #realestatetechâ€¦ https://t.co/DfkyPSc190 ,,,
TatiGrebennique, Thu Apr 23 17:49:14 +0000 2020,-122.330602,47.614817, @kotohontas Ğ­Ñ‚Ğ¾ ÑƒĞ¶Ğµ Ğ½Ğµ Ğ¿Ğ¸Ñ€Ğ¾Ğ¶Ğ¾Ğº, Ğ° Ñ‚Ğ¾Ñ€Ñ‚Ğ¸Ğº â¤ï¸ ,,
tbtltheresa007, Thu Apr 23 17:49:15 +0000 2020,-122.330602,47.614817, @ewarren @chrislhayes Heartfelt condolences for your loss. Prayers for your family. ğŸ’” ,,,
angele42660458, Thu Apr 23 17:49:15 +0000 2020,-123.754776,48.621596, https://t.co/Odx8r8gov1 ,,,
WeatherDogKATU, Thu Apr 23 17:49:16 +0000 2020,-122.630908,45.536402, @amandambutt Fergus Henderson would agree with you on â€œelevenses.â€ https://t.co/1pFw9uWKUw ,,,
Seafan13Merritt, Thu Apr 23 17:49:16 +0000 2020,-122.205437,47.306631, @HnkParkerAngler https://t.co/GZfKp2litz ,,,
greg_mcalindon, Thu Apr 23 17:49:17 +0000 2020,-122.197305,47.092632, @stuartpstevens Why do they look so angry? ,,,
mekosloff, Thu Apr 23 17:49:18 +0000 2020,-122.630908,45.536402, Love to see the boys getting brand deals #GoDucks ,,,
jonahkai, Thu Apr 23 17:49:18 +0000 2020,-122.330602,47.614817, @Joe_Bauer @CrossFit @StoneWayCF @skysurfs Itâ€™s crazy! Happens every time ,,,
realityunf0lds, Thu Apr 23 17:49:21 +0000 2020,-122.630908,45.536402, this trend of girls tweeting their height has confirmed I would love to be hurt by someone a fraction of my size ,,,
lexithefirstcos, Thu Apr 23 17:49:24 +0000 2020,-122.042544,47.542814, Is this Louis from Beastars? https://t.co/1U8qfNrgTE ,,,
melradcoaching, Thu Apr 23 17:49:25 +0000 2020,-123.3645,48.4287, In times of stress the benefit of â€œbathing in the forestâ€ is underrated.Appreciating wild outdoor spaces, time speâ€¦ https://t.co/vF3pJP4JUx ,,
pnw_ocr, Thu Apr 23 17:49:25 +0000 2020,-122.770673,45.517652, @SpartanRace Youâ€™re missing this: https://t.co/Ptnw2Strpn ,,,
Taydeesteez, Thu Apr 23 17:49:26 +0000 2020,-122.349511,47.502955, Fighting over a man &amp; you got kids involved ? Itâ€™s never that serious. He was never your man if you have to physicaâ€¦ https://t.co/WxRsC5A5qA ,,,
playdagger4me2, Thu Apr 23 17:49:28 +0000 2020,-120.882482,47.273022, @mares62J So sorry! ,,,
Karaline_Katoa, Thu Apr 23 17:49:31 +0000 2020,-122.791854,45.424871, @_queenliaah @kimiyo_10 $kaylowliu ,,,
allyct1200, Thu Apr 23 17:49:31 +0000 2020,-120.583402,44.145437, @BlendBeast Of course!! ğŸ™ğŸ¼ğŸ’– ,,,
Camronic, Thu Apr 23 17:49:33 +0000 2020,-122.330602,47.614817, @sullivanmatt604 @qdiggs6 Sounds like a bitch honestly ,,,
platinumchennel, Thu Apr 23 17:49:39 +0000 2020,-122.330602,47.614817, https://t.co/egPSXa4C11 ,,,
Curiel_19, Thu Apr 23 17:49:41 +0000 2020,-120.252874,47.424134, Balancing chemical equations is fun. ,,,
sparvell, Thu Apr 23 17:49:41 +0000 2020,-122.201905,47.680319, This is #Onederful ,,,
cydruc, Thu Apr 23 17:49:42 +0000 2020,-120.882482,47.273022, @Bubblebathgirl @shylohg Remember...no matter what you die from, they are calling it corona virus...ğŸ™‚ ,,
KaliaJasmine, Thu Apr 23 17:49:47 +0000 2020,-122.630908,45.536402, The struggle that I went thru over the last year shaped my hustle now ,,,
MissAdida, Thu Apr 23 17:49:48 +0000 2020,-122.243333,47.492707, @mzwiseprice @MYR0W Ebb too ğŸ˜‚ğŸ˜‚ ,,,
RyanDDowns, Thu Apr 23 17:49:48 +0000 2020,-114.143262,45.494552, Found the Light by @OM53 #Ã˜M53 https://t.co/6xIOjLdjTv@effectradio/#ryanddowns ,,,
jojosjesus, Thu Apr 23 17:49:49 +0000 2020,-122.330602,47.614817, Do you realize #government workers are STILL working and getting paid?Only the #privatesector is locked up?They tâ€¦ https://t.co/Upx0bmMMiE ,,,
Alilicious0o, Thu Apr 23 17:49:51 +0000 2020,-122.330602,47.614817, @RawBeautyKristi Start off slow with 1 to 2 times a week for any acids. Avoid acids on nights/days when you use anyâ€¦ https://t.co/UQRynkmB8L ,,,
CheriseLakeside, Thu Apr 23 17:49:52 +0000 2020,-122.630908,45.536402, #MrBean accurately reflecting my mood most days right now! ğŸ˜œ #CSIKraken https://t.co/Nsk2EClarb ,,,
jason_ruta, Thu Apr 23 17:49:53 +0000 2020,-122.357576,47.094826, @ashleyrincon16 LMFAOOOO ,,,
ChrisKr50672344, Thu Apr 23 17:49:55 +0000 2020,-122.702686,47.68374, VUNDABAR!  Danka. ,,,